loat,cau_hinh,nhanh_dinh_vi,luong,buoc,trung_vi_ms,min_ms,max_ms,ti_le_pct
bench_onnx_1luong,onnx,khong_ghi,1,Chuyển màu BGR sang RGB,1.6,1.5,2.0,0.2
bench_onnx_1luong,onnx,khong_ghi,1,Phát hiện biển số (ONNX),365.1,364.6,367.2,39.0
bench_onnx_1luong,onnx,khong_ghi,1,Màu biển + OCR (12 biển),165.8,164.9,167.6,17.7
bench_onnx_1luong,onnx,khong_ghi,1,Định vị + cắt vùng xe (YOLO),136.0,133.3,154.9,14.5
bench_onnx_1luong,onnx,khong_ghi,1,Tiền xử lý ảnh cho classifier,6.6,6.5,7.6,0.7
bench_onnx_1luong,onnx,khong_ghi,1,Phân loại loại xe (ONNX),129.3,128.9,131.0,13.8
bench_onnx_1luong,onnx,khong_ghi,1,Phân loại kiểu dáng (ONNX),132.1,131.9,132.9,14.1
bench_onnx_2luong,onnx,khong_ghi,2,Chuyển màu BGR sang RGB,1.6,1.5,1.8,0.3
bench_onnx_2luong,onnx,khong_ghi,2,Phát hiện biển số (ONNX),201.8,200.6,206.2,33.8
bench_onnx_2luong,onnx,khong_ghi,2,Màu biển + OCR (12 biển),103.9,103.6,104.9,17.4
bench_onnx_2luong,onnx,khong_ghi,2,Định vị + cắt vùng xe (YOLO),139.8,139.2,142.0,23.4
bench_onnx_2luong,onnx,khong_ghi,2,Tiền xử lý ảnh cho classifier,6.6,6.6,6.6,1.1
bench_onnx_2luong,onnx,khong_ghi,2,Phân loại loại xe (ONNX),70.1,69.9,71.7,11.7
bench_onnx_2luong,onnx,khong_ghi,2,Phân loại kiểu dáng (ONNX),73.4,73.3,77.5,12.3
bench_onnx_4luong,onnx,khong_ghi,4,Chuyển màu BGR sang RGB,1.7,1.5,1.9,0.3
bench_onnx_4luong,onnx,khong_ghi,4,Phát hiện biển số (ONNX),167.5,165.6,174.6,29.6
bench_onnx_4luong,onnx,khong_ghi,4,Màu biển + OCR (12 biển),104.4,96.7,112.7,18.4
bench_onnx_4luong,onnx,khong_ghi,4,Định vị + cắt vùng xe (YOLO),155.3,150.8,200.3,27.4
bench_onnx_4luong,onnx,khong_ghi,4,Tiền xử lý ảnh cho classifier,6.6,6.6,7.4,1.2
bench_onnx_4luong,onnx,khong_ghi,4,Phân loại loại xe (ONNX),49.9,44.7,61.1,8.8
bench_onnx_4luong,onnx,khong_ghi,4,Phân loại kiểu dáng (ONNX),80.9,71.5,87.8,14.3
bench_pt_1luong,pt,khong_ghi,1,Chuyển màu BGR sang RGB,1.5,1.5,1.8,0.2
bench_pt_1luong,pt,khong_ghi,1,Phát hiện biển số (ONNX),365.9,365.2,366.4,39.0
bench_pt_1luong,pt,khong_ghi,1,Màu biển + OCR (12 biển),165.7,165.4,166.0,17.7
bench_pt_1luong,pt,khong_ghi,1,Định vị + cắt vùng xe (YOLO),136.0,134.4,138.3,14.5
bench_pt_1luong,pt,khong_ghi,1,Tiền xử lý ảnh cho classifier,6.6,6.5,6.8,0.7
bench_pt_1luong,pt,khong_ghi,1,Phân loại loại xe (ONNX),129.7,129.5,133.0,13.8
bench_pt_1luong,pt,khong_ghi,1,Phân loại kiểu dáng (ONNX),132.4,132.2,133.4,14.1
bench_pt_2luong,pt,khong_ghi,2,Chuyển màu BGR sang RGB,1.5,1.5,1.8,0.3
bench_pt_2luong,pt,khong_ghi,2,Phát hiện biển số (ONNX),200.6,200.0,205.0,33.9
bench_pt_2luong,pt,khong_ghi,2,Màu biển + OCR (12 biển),103.2,102.9,110.2,17.4
bench_pt_2luong,pt,khong_ghi,2,Định vị + cắt vùng xe (YOLO),137.0,136.3,141.1,23.2
bench_pt_2luong,pt,khong_ghi,2,Tiền xử lý ảnh cho classifier,6.5,6.5,6.7,1.1
bench_pt_2luong,pt,khong_ghi,2,Phân loại loại xe (ONNX),69.9,69.7,70.9,11.8
bench_pt_2luong,pt,khong_ghi,2,Phân loại kiểu dáng (ONNX),72.7,72.4,76.3,12.3
bench_pt_4luong,pt,khong_ghi,4,Chuyển màu BGR sang RGB,1.6,1.5,1.9,0.3
bench_pt_4luong,pt,khong_ghi,4,Phát hiện biển số (ONNX),165.9,162.6,176.2,29.5
bench_pt_4luong,pt,khong_ghi,4,Màu biển + OCR (12 biển),108.6,95.9,115.6,19.3
bench_pt_4luong,pt,khong_ghi,4,Định vị + cắt vùng xe (YOLO),153.2,150.1,196.1,27.3
bench_pt_4luong,pt,khong_ghi,4,Tiền xử lý ảnh cho classifier,6.6,6.5,7.6,1.2
bench_pt_4luong,pt,khong_ghi,4,Phân loại loại xe (ONNX),46.8,45.6,56.0,8.3
bench_pt_4luong,pt,khong_ghi,4,Phân loại kiểu dáng (ONNX),78.9,70.2,110.1,14.1
ram_onnx_4luong,,khong_ghi,4,Chuyển màu BGR sang RGB,1.6,1.5,1.7,0.3
ram_onnx_4luong,,khong_ghi,4,Phát hiện biển số (ONNX),164.4,164.0,164.9,29.3
ram_onnx_4luong,,khong_ghi,4,Màu biển + OCR (12 biển),108.6,99.9,108.6,19.4
ram_onnx_4luong,,khong_ghi,4,Định vị + cắt vùng xe (YOLO),155.5,155.0,162.0,27.7
ram_onnx_4luong,,khong_ghi,4,Tiền xử lý ảnh cho classifier,6.6,6.5,6.6,1.2
ram_onnx_4luong,,khong_ghi,4,Phân loại loại xe (ONNX),46.0,45.4,51.0,8.2
ram_onnx_4luong,,khong_ghi,4,Phân loại kiểu dáng (ONNX),78.3,76.2,87.3,14.0
ram_pt_4luong,,khong_ghi,4,Chuyển màu BGR sang RGB,1.6,1.5,1.6,0.3
ram_pt_4luong,,khong_ghi,4,Phát hiện biển số (ONNX),163.8,162.7,167.3,29.5
ram_pt_4luong,,khong_ghi,4,Màu biển + OCR (12 biển),108.0,101.7,115.9,19.4
ram_pt_4luong,,khong_ghi,4,Định vị + cắt vùng xe (YOLO),151.0,147.7,161.0,27.2
ram_pt_4luong,,khong_ghi,4,Tiền xử lý ảnh cho classifier,6.5,6.5,6.5,1.2
ram_pt_4luong,,khong_ghi,4,Phân loại loại xe (ONNX),47.6,46.1,58.0,8.6
ram_pt_4luong,,khong_ghi,4,Phân loại kiểu dáng (ONNX),77.0,75.3,87.8,13.9
tai_lien_tuc_onnx_4luong,onnx,khong_ghi,4,Chuyển màu BGR sang RGB,1.6,1.5,2.5,0.3
tai_lien_tuc_onnx_4luong,onnx,khong_ghi,4,Phát hiện biển số (ONNX),168.7,159.6,202.0,29.7
tai_lien_tuc_onnx_4luong,onnx,khong_ghi,4,Màu biển + OCR (12 biển),106.7,96.7,131.6,18.8
tai_lien_tuc_onnx_4luong,onnx,khong_ghi,4,Định vị + cắt vùng xe (YOLO),158.2,151.1,188.0,27.9
tai_lien_tuc_onnx_4luong,onnx,khong_ghi,4,Tiền xử lý ảnh cho classifier,6.6,6.5,10.2,1.2
tai_lien_tuc_onnx_4luong,onnx,khong_ghi,4,Phân loại loại xe (ONNX),48.0,45.5,66.8,8.5
tai_lien_tuc_onnx_4luong,onnx,khong_ghi,4,Phân loại kiểu dáng (ONNX),77.8,70.1,107.4,13.7
tai_lien_tuc_pt_4luong,pt,khong_ghi,4,Chuyển màu BGR sang RGB,1.6,1.5,1.9,0.3
tai_lien_tuc_pt_4luong,pt,khong_ghi,4,Phát hiện biển số (ONNX),168.2,160.8,199.8,29.8
tai_lien_tuc_pt_4luong,pt,khong_ghi,4,Màu biển + OCR (12 biển),104.1,96.9,151.9,18.4
tai_lien_tuc_pt_4luong,pt,khong_ghi,4,Định vị + cắt vùng xe (YOLO),158.3,149.5,196.8,28.0
tai_lien_tuc_pt_4luong,pt,khong_ghi,4,Tiền xử lý ảnh cho classifier,6.6,6.5,7.2,1.2
tai_lien_tuc_pt_4luong,pt,khong_ghi,4,Phân loại loại xe (ONNX),46.3,44.6,57.7,8.2
tai_lien_tuc_pt_4luong,pt,khong_ghi,4,Phân loại kiểu dáng (ONNX),79.7,73.2,99.1,14.1
