nhan,t_bat_dau,t_ket_thuc
nghi_truoc,1789280659.297565087,1789280719.300463420
bench_pt_1luong,1789280719.303448693,1789280757.243148421
bench_pt_2luong,1789280757.245501747,1789280784.813670738
bench_pt_4luong,1789280784.815995619,1789280810.087436408
bench_onnx_1luong,1789280810.089812453,1789280848.023969790
bench_onnx_2luong,1789280848.026311334,1789280874.530242011
bench_onnx_4luong,1789280874.532648312,1789280902.616729232
tai_lien_tuc_pt_4luong,1789280902.619115717,1789280983.268398533
tai_lien_tuc_onnx_4luong,1789280983.270796627,1789281062.653724114
nghi_sau,1789281062.655975502,1789281122.658398094
