thoi_diem,t_unix,nhan,p_tong_w,nhiet_do_c,xung_mhz,cpu_pct,throttled,p_0v8_aon_w,p_0v8_sw_w,p_1v1_sys_w,p_1v8_sys_w,p_3v3_adc_w,p_3v3_dac_w,p_3v3_sys_w,p_3v7_wl_sw_w,p_ddr_vdd2_w,p_ddr_vddq_w,p_hdmi_w,p_vdd_core_w
2026-09-13T13:22:42.318,1789280562.318,,1.8062,52.4,2400,0.2,0x0,0.00307,0.21509,0.20411,0.31766,0.00282,0.00222,0.17687,0.17358,0.03775,0.00059,0.07467,0.59784
2026-09-13T13:22:43.343,1789280563.344,,1.6315,52.4,2400,0.0,0x0,0.00302,0.21461,0.20712,0.31925,0.00261,0.00242,0.18341,0.00724,0.03011,0.00000,0.07218,0.58951
2026-09-13T13:22:44.369,1789280564.369,,1.6168,52.9,2400,1.0,0x0,0.00306,0.21568,0.21256,0.31766,0.00241,0.00222,0.15758,0.00725,0.03132,0.00000,0.06919,0.59784
2026-09-13T13:22:45.394,1789280565.394,,1.6426,52.9,2400,0.0,0x0,0.00312,0.22876,0.20337,0.31925,0.00342,0.00222,0.17682,0.00000,0.02907,0.00000,0.07095,0.60562
2026-09-13T13:22:46.420,1789280566.420,,1.6169,51.8,1500,0.0,0x0,0.00297,0.21879,0.20552,0.31393,0.00322,0.00322,0.18710,0.20628,0.03875,0.00000,0.06921,0.36796
2026-09-13T13:22:47.446,1789280567.446,,1.5800,51.8,1500,0.5,0x0,0.00307,0.21470,0.20518,0.30745,0.00282,0.00242,0.16723,0.20921,0.03563,0.00000,0.07114,0.36114
2026-09-13T13:22:48.472,1789280568.473,,1.4574,53.5,1500,0.0,0x0,0.00292,0.21158,0.20229,0.30927,0.00282,0.00242,0.16704,0.05050,0.02917,0.00000,0.07114,0.40825
2026-09-13T13:22:49.498,1789280569.499,,1.4462,52.4,1500,0.0,0x0,0.00297,0.21558,0.20625,0.30247,0.00282,0.00242,0.17682,0.05436,0.04195,0.00000,0.07242,0.36809
2026-09-13T13:22:50.524,1789280570.525,,1.4488,52.4,1500,0.0,0x0,0.00311,0.21734,0.20673,0.30421,0.00242,0.00242,0.18974,0.05077,0.03844,0.00000,0.07239,0.36127
2026-09-13T13:22:51.551,1789280571.551,,1.5320,51.8,1500,0.0,0x0,0.00302,0.21851,0.28625,0.31207,0.00262,0.00222,0.18699,0.04708,0.03026,0.00000,0.07477,0.36822
2026-09-13T13:22:52.577,1789280572.577,,1.3691,51.2,1500,0.0,0x0,0.00312,0.21705,0.20196,0.30462,0.00242,0.00322,0.16723,0.00000,0.03347,0.00000,0.06798,0.36809
2026-09-13T13:22:53.603,1789280573.603,,1.3752,52.4,1500,0.0,0x0,0.00297,0.21695,0.20370,0.30683,0.00362,0.00222,0.16401,0.00362,0.03872,0.00000,0.07116,0.36140
2026-09-13T13:22:54.629,1789280574.630,,1.4581,52.4,1500,0.0,0x0,0.00312,0.22163,0.22452,0.31384,0.00402,0.00242,0.22158,0.00000,0.03478,0.00000,0.07116,0.36101
2026-09-13T13:22:55.655,1789280575.656,,1.3900,51.8,1500,0.0,0x0,0.00302,0.21314,0.20236,0.29725,0.00282,0.00242,0.18963,0.00362,0.03546,0.00000,0.07242,0.36783
2026-09-13T13:22:56.682,1789280576.682,,1.5694,51.8,1500,0.7,0x0,0.00312,0.21636,0.20411,0.30594,0.00282,0.00242,0.16443,0.19889,0.04085,0.00000,0.06923,0.36127
2026-09-13T13:22:57.708,1789280577.708,,1.5749,51.8,1500,0.0,0x0,0.00302,0.21617,0.20660,0.30180,0.00261,0.00242,0.15758,0.19552,0.03933,0.00000,0.07482,0.37505
2026-09-13T13:22:58.734,1789280578.734,,1.4321,51.8,1500,0.2,0x0,0.00312,0.21675,0.20518,0.30852,0.00402,0.00222,0.16461,0.05427,0.03983,0.00000,0.07242,0.36114
2026-09-13T13:22:59.760,1789280579.761,,1.6296,52.4,1500,0.0,0x0,0.00297,0.21929,0.20552,0.31105,0.00282,0.00242,0.17102,0.05063,0.02472,0.00000,0.07114,0.56805
2026-09-13T13:23:00.786,1789280580.787,,1.5593,51.2,1500,0.2,0x0,0.00312,0.21373,0.20552,0.30287,0.00282,0.00222,0.15798,0.19889,0.03116,0.00000,0.07305,0.36796
2026-09-13T13:23:01.812,1789280581.813,,1.5764,51.8,1500,0.0,0x0,0.00312,0.22251,0.20370,0.30852,0.00403,0.00242,0.17989,0.18112,0.03216,0.00000,0.07108,0.36783
2026-09-13T13:23:02.839,1789280582.839,,1.3960,51.8,1500,0.2,0x0,0.00297,0.21402,0.21750,0.30594,0.00282,0.00242,0.17722,0.00000,0.04102,0.00000,0.07110,0.36101
2026-09-13T13:23:03.865,1789280583.865,,1.6015,52.4,1500,0.0,0x0,0.00297,0.23657,0.20687,0.37058,0.00403,0.00242,0.29528,0.00361,0.04224,0.00000,0.06919,0.36770
2026-09-13T13:23:04.895,1789280584.895,,1.9614,51.8,1500,1.9,0x0,0.00297,0.21577,0.21427,0.30852,0.00241,0.00222,0.26122,0.18081,0.03514,0.00000,0.07091,0.66716
2026-09-13T13:23:05.921,1789280585.922,,1.9008,52.4,1500,0.0,0x0,0.00297,0.21889,0.21736,0.31619,0.00282,0.00222,0.16732,0.19561,0.03791,0.00000,0.07035,0.66917
2026-09-13T13:23:06.951,1789280586.952,,1.4567,51.8,1500,0.0,0x0,0.00312,0.21773,0.20330,0.30878,0.00402,0.00242,0.16120,0.08696,0.03552,0.00000,0.07241,0.36127
2026-09-13T13:23:07.977,1789280587.978,,1.4201,51.8,1500,0.2,0x0,0.00302,0.21636,0.21563,0.30355,0.00262,0.00242,0.16424,0.03989,0.03984,0.00000,0.07123,0.36127
2026-09-13T13:23:09.004,1789280589.004,,1.6324,51.2,1500,0.0,0x0,0.00307,0.27108,0.20337,0.30554,0.00241,0.00222,0.16727,0.22736,0.01832,0.00000,0.07061,0.36114
2026-09-13T13:23:10.030,1789280590.030,,1.6090,52.4,1500,0.5,0x0,0.00312,0.21889,0.20552,0.31460,0.00282,0.00222,0.19350,0.19889,0.03545,0.00000,0.07297,0.36101
2026-09-13T13:23:11.056,1789280591.057,,1.5711,51.8,1500,0.0,0x0,0.00302,0.21744,0.21621,0.31384,0.00262,0.00242,0.27143,0.18008,0.03760,0.00000,0.07239,0.25404
2026-09-13T13:23:12.082,1789280592.083,,1.5636,52.9,1500,0.0,0x0,0.00297,0.21655,0.20660,0.30638,0.00282,0.00222,0.17667,0.18081,0.03012,0.00000,0.07048,0.36796
2026-09-13T13:23:13.109,1789280593.109,,1.5509,51.2,1500,0.0,0x0,0.00302,0.21733,0.20370,0.30247,0.00242,0.00242,0.17777,0.18442,0.03014,0.00000,0.07305,0.35420
2026-09-13T13:23:14.135,1789280594.135,,1.3933,52.4,1500,0.2,0x0,0.00297,0.22329,0.20577,0.30768,0.00282,0.00242,0.16713,0.00725,0.03953,0.00000,0.07305,0.36140
2026-09-13T13:23:15.161,1789280595.162,,1.4381,52.4,1500,0.0,0x0,0.00311,0.21967,0.20303,0.31384,0.00282,0.00242,0.17073,0.05790,0.03131,0.00000,0.07239,0.36088
2026-09-13T13:23:16.187,1789280596.188,,1.4374,52.4,1500,0.0,0x0,0.00307,0.21929,0.20639,0.30287,0.00201,0.00222,0.18995,0.05799,0.02173,0.00000,0.07063,0.36127
2026-09-13T13:23:17.213,1789280597.214,,1.4499,51.8,1500,0.5,0x0,0.00312,0.21793,0.21542,0.30462,0.00282,0.00222,0.18418,0.05427,0.03010,0.00000,0.07356,0.36166
2026-09-13T13:23:18.240,1789280598.240,,1.5798,51.2,1500,0.0,0x0,0.00312,0.21529,0.21592,0.30462,0.00282,0.00222,0.16723,0.20560,0.03343,0.00000,0.06789,0.36166
2026-09-13T13:23:19.266,1789280599.266,,1.5835,51.2,1500,0.0,0x0,0.00312,0.21715,0.20337,0.30421,0.00242,0.00322,0.16415,0.20622,0.04082,0.00000,0.07110,0.36770
2026-09-13T13:23:20.292,1789280600.293,,1.3940,51.8,1500,0.2,0x0,0.00297,0.21703,0.20444,0.30896,0.00242,0.00242,0.16461,0.00362,0.03655,0.00000,0.06993,0.38107
2026-09-13T13:23:21.318,1789280601.319,,1.4148,51.8,1500,0.2,0x0,0.00297,0.21627,0.20411,0.30813,0.00201,0.00222,0.20640,0.00362,0.03459,0.00000,0.07305,0.36140
2026-09-13T13:23:22.345,1789280602.345,,1.4890,51.2,1500,0.2,0x0,0.00302,0.21861,0.28426,0.30594,0.00282,0.00242,0.18330,0.00000,0.04527,0.00000,0.06916,0.37425
2026-09-13T13:23:23.371,1789280603.371,,1.5490,51.8,1500,0.0,0x0,0.00322,0.21705,0.20350,0.30537,0.00241,0.00242,0.15824,0.18804,0.03677,0.00000,0.07112,0.36088
2026-09-13T13:23:24.397,1789280604.397,,1.5672,51.2,1500,0.0,0x0,0.00312,0.21861,0.20747,0.30942,0.00241,0.00141,0.17380,0.18795,0.03243,0.00059,0.06868,0.36127
2026-09-13T13:23:25.423,1789280605.424,,1.6217,52.4,1500,0.0,0x0,0.00312,0.27404,0.20552,0.30571,0.00362,0.00242,0.16723,0.20220,0.02513,0.00000,0.07110,0.36166
2026-09-13T13:23:26.449,1789280606.450,,1.4391,51.8,1500,0.0,0x0,0.00312,0.21811,0.20566,0.30421,0.00282,0.00242,0.17054,0.05439,0.03884,0.00000,0.07118,0.36783
2026-09-13T13:23:27.476,1789280607.476,,1.6116,51.8,1500,0.0,0x0,0.00297,0.21773,0.20431,0.30073,0.00282,0.00222,0.20260,0.20628,0.03874,0.00000,0.07105,0.36218
2026-09-13T13:23:28.502,1789280608.502,,1.5683,52.4,1500,0.2,0x0,0.00331,0.21851,0.21750,0.30638,0.00282,0.00222,0.15454,0.19904,0.03185,0.00000,0.07110,0.36101
2026-09-13T13:23:29.528,1789280609.529,,1.4260,51.8,1500,0.2,0x0,0.00297,0.21871,0.20458,0.30186,0.00242,0.00242,0.17025,0.04709,0.04085,0.00000,0.07307,0.36179
2026-09-13T13:23:30.554,1789280610.555,,1.3713,51.8,1500,0.0,0x0,0.00297,0.21851,0.20477,0.30942,0.00282,0.00222,0.16443,0.00000,0.03556,0.00000,0.06930,0.36127
2026-09-13T13:23:31.581,1789280611.581,,1.6065,52.4,1500,0.0,0x0,0.00302,0.21763,0.20370,0.36615,0.00282,0.00222,0.34516,0.00000,0.04001,0.00000,0.07114,0.35471
2026-09-13T13:23:32.607,1789280612.607,,1.5445,52.4,1500,0.0,0x0,0.00312,0.21733,0.20303,0.30073,0.00181,0.00242,0.17087,0.17759,0.03549,0.00000,0.07110,0.36101
2026-09-13T13:23:33.633,1789280613.634,,1.6815,51.2,1500,0.0,0x0,0.00302,0.21851,0.28651,0.31384,0.00322,0.00242,0.18652,0.18415,0.05290,0.00000,0.06916,0.36127
2026-09-13T13:23:34.659,1789280614.660,,1.4143,52.4,1500,0.0,0x0,0.00312,0.21480,0.20584,0.30247,0.00282,0.00242,0.16415,0.04714,0.03880,0.00000,0.07114,0.36166
2026-09-13T13:23:35.685,1789280615.686,,1.4263,51.2,1500,0.2,0x0,0.00316,0.21705,0.20733,0.30852,0.00282,0.00242,0.17039,0.05060,0.03335,0.00000,0.06938,0.36127
2026-09-13T13:23:36.712,1789280616.712,,1.4404,51.8,1500,0.0,0x0,0.00302,0.21383,0.20465,0.31030,0.00242,0.00222,0.18009,0.05063,0.04203,0.00029,0.06928,0.36166
2026-09-13T13:23:37.738,1789280617.738,,1.5734,52.4,1500,0.2,0x0,0.00322,0.21703,0.20390,0.30073,0.00181,0.00222,0.16410,0.20597,0.04205,0.00000,0.07114,0.36127
2026-09-13T13:23:38.764,1789280618.765,,1.5868,52.9,1500,0.0,0x0,0.00312,0.21685,0.21700,0.30421,0.00241,0.00242,0.17054,0.20286,0.03338,0.00000,0.07297,0.36101
2026-09-13T13:23:39.790,1789280619.791,,1.5168,52.4,1500,0.2,0x0,0.00297,0.21627,0.21642,0.30073,0.00241,0.00222,0.26173,0.05434,0.02911,0.00000,0.06930,0.36127
2026-09-13T13:23:40.817,1789280620.817,,1.4288,52.4,1500,0.0,0x0,0.00292,0.27429,0.20444,0.30749,0.00282,0.00242,0.15807,0.00723,0.03671,0.00000,0.07118,0.36127
2026-09-13T13:23:41.843,1789280621.844,,1.4062,51.8,1500,0.0,0x0,0.00297,0.21236,0.20424,0.31038,0.00282,0.00242,0.21225,0.00000,0.02807,0.00000,0.06928,0.36140
2026-09-13T13:23:42.873,1789280622.874,,1.8037,52.9,1500,0.2,0x0,0.00292,0.27860,0.21628,0.31207,0.00282,0.00242,0.19273,0.00000,0.02481,0.00000,0.06984,0.70125
2026-09-13T13:23:43.900,1789280623.900,,1.7194,52.4,1500,0.0,0x0,0.00297,0.21801,0.20552,0.31502,0.00282,0.00222,0.16061,0.04349,0.03897,0.00000,0.06918,0.66061
2026-09-13T13:23:44.926,1789280624.927,,1.8107,52.4,1500,0.2,0x0,0.00297,0.27273,0.20344,0.30937,0.00241,0.00242,0.18320,0.06164,0.03463,0.00000,0.06909,0.66877
2026-09-13T13:23:45.956,1789280625.956,,1.4681,52.4,1500,0.0,0x0,0.00302,0.21715,0.20518,0.31030,0.00322,0.00222,0.21326,0.05424,0.03018,0.00000,0.07500,0.35433
2026-09-13T13:23:46.982,1789280626.983,,1.5011,51.8,1500,0.0,0x0,0.00297,0.21539,0.20889,0.31561,0.00322,0.00222,0.18974,0.09776,0.03444,0.00059,0.06927,0.36101
2026-09-13T13:23:48.008,1789280628.009,,1.5836,51.2,1500,0.0,0x0,0.00312,0.21733,0.20303,0.30971,0.00262,0.00242,0.17356,0.20659,0.02580,0.00029,0.07114,0.36796
2026-09-13T13:23:49.035,1789280629.035,,1.5265,51.2,1500,0.0,0x0,0.00312,0.21705,0.20680,0.30594,0.00241,0.00222,0.16075,0.15923,0.03229,0.00000,0.06868,0.36796
2026-09-13T13:23:50.061,1789280630.061,,1.4775,52.4,1500,0.2,0x0,0.00297,0.21373,0.21736,0.31384,0.00282,0.00242,0.23200,0.01811,0.03443,0.00000,0.07188,0.36796
2026-09-13T13:23:51.087,1789280631.087,,1.3733,50.7,1500,0.0,0x0,0.00297,0.21803,0.20303,0.30413,0.00282,0.00222,0.18014,0.00000,0.02365,0.00000,0.07490,0.36140
2026-09-13T13:23:52.113,1789280632.114,,1.4078,52.4,1500,0.0,0x0,0.00312,0.21821,0.20733,0.30317,0.00242,0.00242,0.18367,0.02175,0.02483,0.00000,0.07250,0.36836
2026-09-13T13:23:53.139,1789280633.140,,1.5703,51.8,1500,0.0,0x0,0.00312,0.22444,0.20504,0.30971,0.00282,0.00242,0.31141,0.04712,0.03655,0.00000,0.07305,0.35458
2026-09-13T13:23:54.166,1789280634.166,,1.5929,52.9,1500,0.2,0x0,0.00297,0.21537,0.21728,0.31325,0.00282,0.00222,0.17025,0.19839,0.03789,0.00000,0.07106,0.36140
2026-09-13T13:23:55.192,1789280635.192,,1.5661,51.8,1500,0.2,0x0,0.00312,0.21510,0.20411,0.29725,0.00241,0.00242,0.18320,0.18757,0.03353,0.00000,0.06927,0.36809
2026-09-13T13:23:56.218,1789280636.218,,1.4578,51.2,1500,0.2,0x0,0.00312,0.21568,0.20767,0.30247,0.00181,0.00242,0.20277,0.05074,0.03979,0.00000,0.06993,0.36140
2026-09-13T13:23:57.244,1789280637.245,,1.5092,50.7,1500,0.0,0x0,0.00312,0.21723,0.20625,0.30073,0.00282,0.00222,0.20582,0.04349,0.04456,0.00000,0.07484,0.40810
2026-09-13T13:23:58.270,1789280638.271,,1.4125,50.7,1500,0.0,0x0,0.00312,0.21665,0.20660,0.30683,0.00282,0.00242,0.16723,0.05070,0.02374,0.00000,0.07125,0.36114
2026-09-13T13:23:59.297,1789280639.297,,1.5664,50.7,1500,0.0,0x0,0.00312,0.21967,0.20660,0.35983,0.00221,0.00221,0.29231,0.00000,0.05271,0.00000,0.07313,0.35458
2026-09-13T13:24:00.323,1789280640.323,,1.3969,51.8,1500,0.2,0x0,0.00297,0.24750,0.20411,0.31148,0.00282,0.00242,0.16718,0.00000,0.03332,0.00118,0.06934,0.35458
2026-09-13T13:24:01.349,1789280641.349,,1.3657,52.4,1500,0.0,0x0,0.00297,0.21655,0.20444,0.29899,0.00282,0.00222,0.17039,0.00724,0.03767,0.00000,0.06805,0.35433
2026-09-13T13:24:02.375,1789280642.376,,1.3805,51.8,1500,0.0,0x0,0.00297,0.21705,0.20673,0.30594,0.00282,0.00222,0.16443,0.00723,0.03879,0.00000,0.07057,0.36179
2026-09-13T13:24:03.401,1789280643.402,,1.5274,51.2,1500,0.0,0x0,0.00307,0.21617,0.21628,0.31022,0.00282,0.00222,0.25749,0.05436,0.03014,0.00030,0.07305,0.36127
2026-09-13T13:24:04.427,1789280644.428,,1.4632,52.4,1500,0.0,0x0,0.00312,0.21392,0.23473,0.30768,0.00241,0.00242,0.18009,0.04709,0.03208,0.00000,0.07157,0.36809
2026-09-13T13:24:05.454,1789280645.454,,1.5769,51.8,1500,0.2,0x0,0.00312,0.21773,0.21542,0.30247,0.00282,0.00242,0.18741,0.19904,0.01725,0.00000,0.06798,0.36127
2026-09-13T13:24:06.480,1789280646.480,,1.5673,51.2,1500,0.0,0x0,0.00312,0.21148,0.20438,0.31038,0.00403,0.00242,0.16770,0.20291,0.03666,0.00000,0.06923,0.35496
2026-09-13T13:24:07.506,1789280647.506,,1.4211,51.2,1500,0.2,0x0,0.00297,0.21577,0.20566,0.30421,0.00282,0.00222,0.16741,0.05424,0.03870,0.00000,0.07242,0.35471
2026-09-13T13:24:08.532,1789280648.533,,1.6055,51.8,1500,0.0,0x0,0.00312,0.24951,0.20411,0.30413,0.00241,0.00242,0.17044,0.00362,0.03983,0.00000,0.07119,0.55469
2026-09-13T13:24:09.558,1789280649.559,,1.3752,51.2,1500,0.2,0x0,0.00297,0.21851,0.20525,0.30413,0.00282,0.00222,0.18019,0.00000,0.02703,0.00000,0.07108,0.36101
2026-09-13T13:24:10.584,1789280650.585,,1.3642,51.8,1500,0.0,0x0,0.00302,0.21773,0.20317,0.30221,0.00282,0.00222,0.16382,0.00000,0.03665,0.00000,0.07118,0.36140
2026-09-13T13:24:11.611,1789280651.611,,1.3656,51.8,1500,0.0,0x0,0.00297,0.21635,0.20566,0.30396,0.00282,0.00202,0.16424,0.00000,0.03989,0.00000,0.07295,0.35471
2026-09-13T13:24:12.637,1789280652.637,,1.3797,51.2,1500,0.0,0x0,0.00317,0.21929,0.20646,0.31069,0.00241,0.00222,0.17035,0.00000,0.02416,0.00000,0.07299,0.36796
2026-09-13T13:24:13.663,1789280653.663,,1.4246,52.4,1500,0.0,0x0,0.00297,0.21665,0.20948,0.30638,0.00282,0.00222,0.16479,0.05436,0.02922,0.00000,0.07404,0.36166
2026-09-13T13:24:14.689,1789280654.689,,1.4334,51.8,1500,0.2,0x0,0.00312,0.21422,0.20673,0.30571,0.00282,0.00242,0.17390,0.04343,0.05405,0.00000,0.07239,0.35458
2026-09-13T13:24:15.715,1789280655.716,,1.5924,51.2,1500,0.0,0x0,0.00312,0.21695,0.20573,0.30421,0.00282,0.00242,0.18974,0.20813,0.03655,0.00000,0.06802,0.35471
2026-09-13T13:24:16.741,1789280656.742,,1.6054,52.9,1500,0.0,0x0,0.00312,0.21499,0.20552,0.30287,0.00181,0.00222,0.20897,0.19478,0.03870,0.00030,0.07114,0.36101
2026-09-13T13:24:17.768,1789280657.768,,1.4603,51.8,1500,0.0,0x0,0.00307,0.24883,0.20411,0.30073,0.00282,0.00222,0.16704,0.04330,0.05387,0.00000,0.07305,0.36127
2026-09-13T13:24:18.794,1789280658.794,,1.3805,51.8,1500,0.5,0x0,0.00292,0.21987,0.20411,0.31022,0.00282,0.00242,0.16718,0.00725,0.03349,0.00000,0.06930,0.36088
2026-09-13T13:24:19.820,1789280659.821,,1.3540,50.1,1500,0.0,0x0,0.00297,0.21607,0.20545,0.30317,0.00282,0.00242,0.16713,0.00362,0.02196,0.00000,0.07367,0.35471
2026-09-13T13:24:20.847,1789280660.847,,1.6360,50.7,1500,0.0,0x0,0.00312,0.29512,0.20444,0.30073,0.00282,0.00242,0.16401,0.18623,0.03977,0.00000,0.07609,0.36127
2026-09-13T13:24:21.875,1789280661.875,,1.8554,51.8,1500,0.0,0x0,0.00312,0.21617,0.20263,0.30813,0.00262,0.00322,0.17039,0.16958,0.03767,0.00000,0.07167,0.67018
2026-09-13T13:24:22.901,1789280662.901,,1.7112,51.2,1500,0.0,0x0,0.00312,0.21783,0.20525,0.30594,0.00241,0.00222,0.16396,0.04336,0.02598,0.00000,0.07231,0.66877
2026-09-13T13:24:23.927,1789280663.928,,1.7356,51.8,1500,0.0,0x0,0.00297,0.21744,0.20552,0.31925,0.00362,0.00242,0.16713,0.04337,0.03245,0.00000,0.07288,0.66857
2026-09-13T13:24:24.957,1789280664.957,,1.4964,51.2,1500,0.5,0x0,0.00297,0.21899,0.20477,0.30937,0.00282,0.00222,0.17697,0.09764,0.03762,0.00000,0.07494,0.36809
2026-09-13T13:24:25.983,1789280665.984,,1.4078,51.8,1500,0.0,0x0,0.00312,0.21627,0.20370,0.30735,0.00242,0.00222,0.15749,0.05065,0.03440,0.00000,0.06923,0.36101
2026-09-13T13:24:27.009,1789280667.010,,1.4384,50.7,1500,0.2,0x0,0.00331,0.21539,0.20290,0.30670,0.00241,0.00242,0.18952,0.05413,0.02902,0.00000,0.07174,0.36088
2026-09-13T13:24:28.036,1789280668.036,,1.3878,51.2,1500,0.0,0x0,0.00297,0.21314,0.21485,0.31460,0.00282,0.00222,0.16479,0.00000,0.04000,0.00000,0.07099,0.36140
2026-09-13T13:24:29.062,1789280669.062,,1.5699,51.8,1500,0.2,0x0,0.00297,0.21939,0.21843,0.29899,0.00242,0.00141,0.19328,0.17728,0.02622,0.00000,0.06861,0.36088
2026-09-13T13:24:30.088,1789280670.089,,1.6253,51.2,1500,0.0,0x0,0.00312,0.29289,0.20444,0.30670,0.00241,0.00242,0.17035,0.17710,0.03353,0.00000,0.07110,0.36127
2026-09-13T13:24:31.114,1789280671.115,,1.3839,52.4,1500,0.2,0x0,0.00302,0.21693,0.20444,0.30594,0.00242,0.00242,0.16774,0.00362,0.04540,0.00000,0.07055,0.36140
2026-09-13T13:24:32.140,1789280672.141,,1.4535,51.2,1500,0.0,0x0,0.00287,0.22055,0.20411,0.30413,0.00282,0.00222,0.17025,0.08323,0.03226,0.00000,0.06980,0.36127
2026-09-13T13:24:33.167,1789280673.167,,1.6045,51.2,1500,0.0,0x0,0.00302,0.21665,0.20673,0.30813,0.00282,0.00222,0.19910,0.19874,0.03348,0.00000,0.07237,0.36127
2026-09-13T13:24:34.193,1789280674.193,,1.5664,51.8,1500,0.0,0x0,0.00297,0.21695,0.20767,0.30362,0.00282,0.00242,0.16727,0.19581,0.03237,0.00029,0.07305,0.36114
2026-09-13T13:24:35.219,1789280675.220,,1.7943,51.8,1500,0.0,0x0,0.00297,0.21617,0.20788,0.36280,0.00322,0.00222,0.28710,0.24277,0.03667,0.00000,0.07110,0.36140
2026-09-13T13:24:36.245,1789280676.246,,1.4190,51.2,1500,0.0,0x0,0.00317,0.21655,0.20566,0.31199,0.00241,0.00141,0.17087,0.04713,0.03027,0.00000,0.06789,0.36166
2026-09-13T13:24:37.272,1789280677.272,,1.3626,52.4,1500,0.0,0x0,0.00302,0.21226,0.20566,0.30421,0.00282,0.00222,0.16470,0.00000,0.03870,0.00000,0.07486,0.35420
2026-09-13T13:24:38.298,1789280678.298,,1.4184,51.8,1500,0.5,0x0,0.00297,0.21803,0.22966,0.31038,0.00282,0.00222,0.18741,0.00000,0.03235,0.00000,0.07118,0.36140
2026-09-13T13:24:39.324,1789280679.324,,1.4935,51.8,1500,0.0,0x0,0.00307,0.21499,0.28575,0.31282,0.00322,0.00222,0.19295,0.00000,0.03844,0.00000,0.07239,0.36770
2026-09-13T13:24:40.350,1789280680.351,,1.3798,52.4,1500,0.0,0x0,0.00312,0.21627,0.20229,0.30846,0.00241,0.00222,0.17375,0.00000,0.03881,0.00000,0.07118,0.36127
2026-09-13T13:24:41.376,1789280681.377,,1.3837,51.2,1500,0.0,0x0,0.00297,0.21997,0.20559,0.30937,0.00282,0.00222,0.17044,0.00000,0.03774,0.00000,0.07118,0.36140
2026-09-13T13:24:42.403,1789280682.403,,1.4177,51.2,1500,0.0,0x0,0.00312,0.21314,0.20350,0.30852,0.00322,0.00242,0.16680,0.04701,0.03777,0.00000,0.07114,0.36101
2026-09-13T13:24:43.429,1789280683.429,,1.4183,51.2,1500,0.0,0x0,0.00302,0.21743,0.20451,0.30571,0.00241,0.00222,0.17356,0.05049,0.02526,0.00000,0.07241,0.36127
2026-09-13T13:24:44.455,1789280684.455,,1.5877,51.8,1500,0.0,0x0,0.00297,0.21587,0.20337,0.30421,0.00282,0.00242,0.18305,0.20989,0.03117,0.00000,0.07097,0.36101
2026-09-13T13:24:45.481,1789280685.482,,1.5824,50.7,1500,0.0,0x0,0.00312,0.21725,0.20411,0.29899,0.00282,0.00201,0.16401,0.21367,0.04198,0.00000,0.07303,0.36140
2026-09-13T13:24:46.507,1789280686.508,,1.4461,51.2,1500,0.0,0x0,0.00297,0.21831,0.21779,0.30713,0.00241,0.00242,0.17999,0.04351,0.03742,0.00000,0.07288,0.36127
2026-09-13T13:24:47.533,1789280687.534,,1.4330,51.8,1500,0.5,0x0,0.00312,0.21929,0.20411,0.30141,0.00282,0.00242,0.16452,0.05070,0.05253,0.00000,0.07118,0.36088
2026-09-13T13:24:48.560,1789280688.560,,1.3910,51.8,1500,0.0,0x0,0.00312,0.22153,0.20691,0.30594,0.00282,0.00242,0.17682,0.00000,0.03880,0.00000,0.07121,0.36140
2026-09-13T13:24:49.586,1789280689.586,,1.4449,52.4,1500,0.0,0x0,0.00312,0.21617,0.22496,0.30670,0.00241,0.00141,0.22252,0.00000,0.03557,0.00000,0.07119,0.36088
2026-09-13T13:24:50.612,1789280690.612,,1.4604,51.8,1500,0.2,0x0,0.00312,0.27235,0.20673,0.30494,0.00282,0.00242,0.18974,0.00000,0.05274,0.00000,0.07119,0.35433
2026-09-13T13:24:51.638,1789280691.639,,1.3682,50.7,1500,0.0,0x0,0.00312,0.21353,0.20465,0.30462,0.00221,0.00222,0.16447,0.00000,0.04092,0.00000,0.07159,0.36088
2026-09-13T13:24:52.664,1789280692.665,,1.3464,51.8,1500,0.0,0x0,0.00297,0.21695,0.20337,0.29888,0.00282,0.00202,0.15767,0.00363,0.02591,0.00000,0.07119,0.36101
2026-09-13T13:24:53.690,1789280693.691,,1.4337,51.2,1500,0.0,0x0,0.00297,0.21490,0.20559,0.30670,0.00242,0.00242,0.18320,0.04349,0.03973,0.00000,0.07118,0.36114
2026-09-13T13:24:54.717,1789280694.717,,1.5159,51.8,1500,0.0,0x0,0.00297,0.21655,0.28486,0.30537,0.00241,0.00242,0.18310,0.05050,0.03762,0.00000,0.06918,0.36088
2026-09-13T13:24:55.743,1789280695.743,,1.4130,51.2,1500,0.0,0x0,0.00302,0.22065,0.20733,0.30713,0.00241,0.00242,0.16424,0.04714,0.03176,0.00000,0.07237,0.35458
2026-09-13T13:24:56.769,1789280696.769,,1.4193,50.1,1500,0.2,0x0,0.00297,0.21627,0.20223,0.30670,0.00282,0.00242,0.16713,0.04709,0.03567,0.00000,0.07482,0.36114
2026-09-13T13:24:57.795,1789280697.796,,1.3925,50.7,1500,0.0,0x0,0.00307,0.21597,0.21700,0.30670,0.00282,0.00222,0.16116,0.00724,0.04400,0.00000,0.07119,0.36114
2026-09-13T13:24:58.821,1789280698.822,,1.4942,51.2,1500,0.0,0x0,0.00297,0.29590,0.21736,0.31064,0.00241,0.00242,0.19290,0.00724,0.03134,0.00000,0.06932,0.36166
2026-09-13T13:24:59.848,1789280699.848,,1.3990,51.8,1500,0.0,0x0,0.00297,0.21705,0.20411,0.31375,0.00282,0.00222,0.17449,0.00000,0.04739,0.00000,0.07307,0.36114
2026-09-13T13:25:00.878,1789280700.878,,1.6900,51.8,1500,0.5,0x0,0.00307,0.21705,0.20612,0.31116,0.00241,0.00242,0.17025,0.00000,0.03824,0.00000,0.06789,0.67139
2026-09-13T13:25:01.904,1789280701.904,,1.8822,51.2,1500,0.0,0x0,0.00302,0.21793,0.28467,0.31239,0.00241,0.00222,0.25734,0.05409,0.02594,0.00000,0.06914,0.65304
2026-09-13T13:25:02.930,1789280702.931,,2.0953,52.4,1500,0.0,0x0,0.00297,0.21499,0.20625,0.37015,0.00282,0.00242,0.31471,0.20581,0.03404,0.00000,0.07212,0.66897
2026-09-13T13:25:03.971,1789280703.972,,1.6148,51.2,1500,0.2,0x0,0.00302,0.21392,0.20444,0.30971,0.00282,0.00242,0.16718,0.18475,0.04089,0.00000,0.07118,0.41449
2026-09-13T13:25:04.999,1789280705.000,,1.5700,51.8,1500,0.0,0x0,0.00321,0.21979,0.20411,0.31064,0.00242,0.00242,0.18029,0.18442,0.03347,0.00000,0.07471,0.35458
2026-09-13T13:25:06.025,1789280706.026,,1.3637,51.8,1500,0.2,0x0,0.00297,0.22007,0.20584,0.30247,0.00282,0.00222,0.15475,0.00000,0.03870,0.00000,0.07242,0.36140
2026-09-13T13:25:07.052,1789280707.052,,1.3781,50.7,1500,0.0,0x0,0.00297,0.21695,0.20465,0.30713,0.00241,0.00242,0.17702,0.00000,0.03463,0.00000,0.06852,0.36140
2026-09-13T13:25:08.078,1789280708.078,,1.4432,51.2,1500,0.2,0x0,0.00297,0.29668,0.20525,0.30247,0.00241,0.00242,0.16406,0.00362,0.03769,0.00000,0.07118,0.35445
2026-09-13T13:25:09.104,1789280709.104,,1.4059,51.2,1500,0.0,0x0,0.00297,0.21859,0.20350,0.30713,0.00241,0.00222,0.16410,0.05066,0.01537,0.00000,0.07108,0.36783
2026-09-13T13:25:10.130,1789280710.131,,1.4314,51.8,1500,0.0,0x0,0.00312,0.21851,0.20566,0.30571,0.00282,0.00222,0.16415,0.05784,0.04209,0.00000,0.07492,0.35433
2026-09-13T13:25:11.156,1789280711.157,,1.6902,51.8,1500,0.0,0x0,0.00297,0.21783,0.22296,0.29888,0.00241,0.00222,0.26467,0.20974,0.03443,0.00000,0.07242,0.36166
2026-09-13T13:25:12.182,1789280712.183,,1.5741,50.1,1500,0.0,0x0,0.00307,0.21549,0.20767,0.30594,0.00221,0.00222,0.17054,0.19889,0.03243,0.00000,0.07475,0.36088
2026-09-13T13:25:13.209,1789280713.209,,1.5999,51.2,1500,0.0,0x0,0.00297,0.21510,0.20552,0.31116,0.00282,0.00222,0.17366,0.20205,0.05244,0.00000,0.07057,0.36140
2026-09-13T13:25:14.235,1789280714.235,,1.4338,51.2,1500,0.0,0x0,0.00312,0.21929,0.20477,0.30186,0.00241,0.00242,0.21225,0.01811,0.03528,0.00000,0.07307,0.36127
2026-09-13T13:25:15.261,1789280715.262,,1.3670,51.8,1500,0.0,0x0,0.00307,0.21801,0.20660,0.30670,0.00282,0.00222,0.16415,0.00000,0.03134,0.00000,0.07119,0.36088
2026-09-13T13:25:16.287,1789280716.288,,1.3689,51.2,1500,0.2,0x0,0.00312,0.21646,0.20424,0.30537,0.00242,0.00242,0.18014,0.00000,0.02045,0.00000,0.07305,0.36127
2026-09-13T13:25:17.313,1789280717.314,,1.3851,51.8,1500,0.0,0x0,0.00321,0.22299,0.20781,0.30221,0.00282,0.00242,0.16803,0.00000,0.04192,0.00000,0.07244,0.36127
2026-09-13T13:25:18.340,1789280718.340,,1.3879,52.4,1500,0.0,0x0,0.00312,0.21881,0.21736,0.30537,0.00241,0.00242,0.17419,0.00362,0.03023,0.00000,0.06910,0.36127
2026-09-13T13:25:19.366,1789280719.366,,1.9109,51.2,1500,1.5,0x0,0.00312,0.22007,0.20788,0.31811,0.00282,0.00242,0.16382,0.05077,0.08385,0.00118,0.06910,0.78774
2026-09-13T13:25:20.392,1789280720.392,,2.6635,52.9,2400,36.2,0x0,0.00302,0.22200,0.20249,0.32913,0.00241,0.00201,0.15127,0.08696,0.10433,0.00000,0.06879,1.49105
2026-09-13T13:25:21.418,1789280721.418,,3.7498,53.5,2400,25.1,0x0,0.00312,0.29186,0.33001,0.33335,0.00322,0.00222,0.19938,0.20235,0.08928,0.00682,0.07151,2.21664
2026-09-13T13:25:22.443,1789280722.444,,3.6682,54.5,2400,25.1,0x0,0.00297,0.22115,0.20470,0.32271,0.00322,0.00222,0.18652,0.20581,0.03870,0.00000,0.07290,2.40728
2026-09-13T13:25:23.469,1789280723.470,,2.9266,54.5,2400,25.1,0x0,0.00311,0.24605,0.20223,0.35640,0.00181,0.00242,0.18361,0.05074,0.11613,0.00799,0.07165,1.68444
2026-09-13T13:25:24.496,1789280724.497,,3.4500,55.1,2400,25.2,0x0,0.00297,0.32152,0.20632,0.35573,0.00282,0.00222,0.17419,0.00361,0.18919,0.00265,0.07097,2.11777
2026-09-13T13:25:25.524,1789280725.524,,3.4153,55.1,2400,25.1,0x0,0.00311,0.21939,0.20323,0.32210,0.00282,0.00222,0.17449,0.00362,0.04313,0.00119,0.07114,2.36885
2026-09-13T13:25:26.551,1789280726.551,,3.2318,55.6,2400,25.3,0x0,0.00297,0.22506,0.21305,0.32117,0.00241,0.00222,0.16079,0.00361,0.05280,0.00089,0.07071,2.17612
2026-09-13T13:25:27.577,1789280727.577,,3.2606,55.6,2400,24.9,0x0,0.00297,0.22642,0.20337,0.32785,0.00241,0.00262,0.16097,0.00000,0.08701,0.00296,0.07195,2.17206
2026-09-13T13:25:28.603,1789280728.603,,3.6399,55.6,2400,25.2,0x0,0.00307,0.22766,0.20518,0.35285,0.00322,0.00222,0.18320,0.20250,0.16113,0.00387,0.07036,2.22462
2026-09-13T13:25:29.629,1789280729.630,,3.1282,56.2,2400,31.3,0x0,0.00302,0.21617,0.20350,0.33669,0.00322,0.00222,0.15749,0.23476,0.28596,0.00059,0.07437,1.61017
2026-09-13T13:25:30.656,1789280730.657,,3.0027,55.6,2400,25.5,0x0,0.00312,0.23778,0.20444,0.38453,0.00282,0.00242,0.23449,0.21303,0.06465,0.00000,0.07058,1.58482
2026-09-13T13:25:31.683,1789280731.684,,3.4869,55.6,2400,25.1,0x0,0.00312,0.24237,0.20444,0.31985,0.00282,0.00242,0.18382,0.20989,0.07229,0.00414,0.07167,2.17011
2026-09-13T13:25:32.709,1789280732.710,,3.5918,56.8,2400,33.6,0x0,0.00292,0.30137,0.20982,0.33272,0.00282,0.00262,0.17035,0.20597,0.11740,0.01094,0.07404,2.16083
2026-09-13T13:25:33.736,1789280733.737,,3.5063,55.1,2400,32.4,0x0,0.00297,0.21743,0.21614,0.32510,0.00242,0.00222,0.17035,0.18799,0.06877,0.00355,0.07406,2.23528
2026-09-13T13:25:34.763,1789280734.763,,3.6324,56.2,2400,32.5,0x0,0.00297,0.27170,0.20477,0.31925,0.00241,0.00222,0.16452,0.17693,0.05490,0.00030,0.07157,2.36088
2026-09-13T13:25:35.790,1789280735.790,,3.3737,57.3,2400,40.0,0x0,0.00311,0.22553,0.21807,0.32274,0.00261,0.00222,0.19606,0.00000,0.05651,0.00000,0.06985,2.27700
2026-09-13T13:25:36.817,1789280736.817,,3.5180,58.4,2400,32.3,0x0,0.00312,0.23813,0.20411,0.33512,0.00262,0.00262,0.15458,0.01085,0.10309,0.00860,0.07041,2.38480
2026-09-13T13:25:37.843,1789280737.844,,3.8587,57.3,2400,32.7,0x0,0.00307,0.21994,0.27977,0.32318,0.00282,0.00242,0.25455,0.20602,0.10222,0.00030,0.07380,2.39062
2026-09-13T13:25:38.872,1789280738.873,,3.7187,57.9,2400,32.4,0x0,0.00297,0.23401,0.28084,0.33696,0.00282,0.00222,0.24668,0.19904,0.11491,0.00325,0.07112,2.22386
2026-09-13T13:25:39.899,1789280739.900,,3.7529,57.9,2400,32.3,0x0,0.00306,0.22600,0.20350,0.33872,0.00282,0.00222,0.22871,0.19904,0.11725,0.00029,0.06966,2.36159
2026-09-13T13:25:40.927,1789280740.927,,3.9427,57.9,2400,32.8,0x0,0.00297,0.21841,0.20889,0.34367,0.00261,0.00242,0.20000,0.18465,0.25171,0.00595,0.06858,2.45289
2026-09-13T13:25:41.955,1789280741.956,,3.5946,58.4,2400,32.8,0x0,0.00312,0.21939,0.20350,0.32099,0.00342,0.00262,0.15740,0.17732,0.06372,0.00000,0.06843,2.37468
2026-09-13T13:25:42.982,1789280742.982,,3.6115,57.9,2400,32.9,0x0,0.00307,0.21783,0.20552,0.32797,0.00262,0.00222,0.20611,0.18035,0.05108,0.00000,0.07049,2.34422
2026-09-13T13:25:44.009,1789280744.009,,3.7379,57.9,2400,32.9,0x0,0.00312,0.22044,0.20767,0.33439,0.00282,0.00222,0.18065,0.18456,0.21993,0.00325,0.06727,2.31163
2026-09-13T13:25:45.036,1789280745.036,,3.5289,58.4,2400,33.1,0x0,0.00297,0.21967,0.20337,0.31576,0.00241,0.00242,0.17371,0.18405,0.06797,0.00000,0.06957,2.28703
2026-09-13T13:25:46.065,1789280746.065,,2.9127,57.9,2400,33.4,0x0,0.00312,0.23870,0.20424,0.32980,0.00261,0.00262,0.17044,0.20276,0.04738,0.00000,0.06850,1.64255
2026-09-13T13:25:47.095,1789280747.095,,3.6166,59.0,2400,39.9,0x0,0.00312,0.21685,0.21750,0.32448,0.00261,0.00262,0.20564,0.20250,0.08172,0.00265,0.07058,2.28634
2026-09-13T13:25:48.122,1789280748.122,,3.9801,59.0,2400,33.1,0x0,0.00312,0.21372,0.33216,0.32989,0.00241,0.00262,0.18009,0.23091,0.11768,0.00000,0.07252,2.49496
2026-09-13T13:25:49.148,1789280749.149,,3.3732,59.5,2400,32.9,0x0,0.00297,0.23646,0.20632,0.33030,0.00241,0.00222,0.20323,0.20648,0.13666,0.00148,0.06841,1.97625
2026-09-13T13:25:50.174,1789280750.175,,8.7343,58.4,2400,35.3,0x0,0.00302,0.25628,0.20673,0.37333,0.00241,0.00202,0.15807,0.14475,0.07892,0.00207,0.07165,7.43507
2026-09-13T13:25:51.202,1789280751.203,,3.4220,59.0,2400,37.5,0x0,0.00297,0.23747,0.20691,0.32917,0.00241,0.00222,0.15798,0.00000,0.11932,0.00680,0.07041,2.28634
2026-09-13T13:25:52.229,1789280752.230,,3.6624,59.5,2400,32.5,0x0,0.00311,0.22241,0.20444,0.32622,0.00261,0.00242,0.18039,0.16953,0.07248,0.00268,0.07026,2.40583
2026-09-13T13:25:53.255,1789280753.256,,3.6301,59.0,2400,32.6,0x0,0.00302,0.21967,0.20625,0.32994,0.00241,0.00221,0.18361,0.17999,0.04983,0.00000,0.07265,2.38050
2026-09-13T13:25:54.284,1789280754.284,,4.3562,59.0,2400,38.5,0x0,0.00307,0.27092,0.20337,0.40563,0.00261,0.00322,0.15758,0.05802,0.41390,0.01185,0.06802,2.75801
2026-09-13T13:25:55.312,1789280755.313,,2.9512,59.0,2400,34.5,0x0,0.00311,0.25765,0.21965,0.35588,0.00262,0.00242,0.18299,0.05065,0.21506,0.00385,0.06965,1.58769
2026-09-13T13:25:56.339,1789280756.340,,2.9972,58.4,2400,35.0,0x0,0.00311,0.25897,0.24476,0.35588,0.00242,0.00222,0.16967,0.19127,0.21571,0.00706,0.07240,1.47377
2026-09-13T13:25:57.371,1789280757.372,,3.8126,57.9,2400,28.6,0x0,0.00306,0.23511,0.21097,0.33495,0.00261,0.00222,0.25441,0.21713,0.09811,0.00000,0.07136,2.38265
2026-09-13T13:25:58.398,1789280758.398,,2.6767,57.9,2400,32.4,0x0,0.00297,0.22688,0.20485,0.32738,0.00282,0.00222,0.18372,0.00361,0.11455,0.00059,0.07058,1.53658
2026-09-13T13:25:59.425,1789280759.426,,5.2226,58.4,2400,43.2,0x0,0.00302,0.31669,0.20673,0.32803,0.00322,0.00222,0.16723,0.03978,0.04698,0.00059,0.06922,4.03893
2026-09-13T13:26:00.552,1789280760.553,,5.0370,60.0,2400,50.0,0x0,0.00302,0.29990,0.20660,0.33164,0.00221,0.00221,0.17697,0.03969,0.14264,0.00706,0.07182,3.75327
2026-09-13T13:26:01.579,1789280761.579,,4.1684,60.0,2400,50.7,0x0,0.00292,0.24493,0.20303,0.33771,0.00281,0.00222,0.17737,0.20612,0.15557,0.00385,0.06976,2.76216
2026-09-13T13:26:02.605,1789280762.605,,5.6027,59.0,2400,50.9,0x0,0.00297,0.21851,0.20444,0.32134,0.00241,0.00242,0.16718,0.19473,0.08943,0.00119,0.06974,4.32833
2026-09-13T13:26:03.632,1789280763.633,,3.6353,59.0,2400,46.7,0x0,0.00311,0.21929,0.20350,0.31942,0.00241,0.00242,0.16765,0.00000,0.12163,0.00325,0.06807,2.52457
2026-09-13T13:26:04.658,1789280764.658,,2.7473,59.0,2400,25.8,0x0,0.00311,0.23503,0.21656,0.32640,0.00241,0.00242,0.19611,0.00363,0.08092,0.00118,0.06987,1.60968
2026-09-13T13:26:05.686,1789280765.687,,5.5394,57.9,2400,25.9,0x0,0.00302,0.31392,0.22789,0.38455,0.00241,0.00262,0.25126,0.05786,0.32066,0.01803,0.06957,3.88757
2026-09-13T13:26:06.715,1789280766.715,,5.4768,60.6,2400,51.9,0x0,0.00311,0.21977,0.34782,0.32210,0.00282,0.00242,0.17742,0.22793,0.05160,0.00413,0.06953,4.04812
2026-09-13T13:26:07.743,1789280767.744,,5.4098,60.6,2400,61.4,0x0,0.00297,0.24014,0.21822,0.32080,0.00282,0.00282,0.17390,0.19834,0.09704,0.00589,0.06812,4.07876
2026-09-13T13:26:08.770,1789280768.771,,6.3612,62.2,2400,62.1,0x0,0.00307,0.23433,0.20906,0.38259,0.00241,0.00282,0.24085,0.24168,0.37939,0.00977,0.07046,4.58478
2026-09-13T13:26:09.804,1789280769.804,,3.0623,62.2,2400,60.9,0x0,0.00307,0.23702,0.20955,0.33012,0.00241,0.00262,0.23871,0.17732,0.14053,0.00297,0.06792,1.65002
2026-09-13T13:26:10.831,1789280770.832,,4.2888,63.9,2400,57.6,0x0,0.00297,0.24337,0.20424,0.32292,0.00241,0.00242,0.18330,0.18752,0.07417,0.00000,0.07011,2.99534
2026-09-13T13:26:11.862,1789280771.862,,5.6091,62.8,2400,61.3,0x0,0.00292,0.22075,0.20303,0.34084,0.00282,0.00282,0.16713,0.20968,0.06253,0.00236,0.06983,4.32442
2026-09-13T13:26:12.889,1789280772.889,,4.6842,63.4,2400,61.3,0x0,0.00297,0.24226,0.20767,0.33733,0.00282,0.00282,0.23122,0.18054,0.18221,0.00652,0.07142,3.21646
2026-09-13T13:26:13.916,1789280773.916,,6.5234,63.4,2400,60.6,0x0,0.00297,0.23057,0.20573,0.34417,0.00282,0.00282,0.19301,0.04351,0.38145,0.00118,0.06829,5.04685
2026-09-13T13:26:14.962,1789280774.962,,5.3393,62.8,2400,54.7,0x0,0.00287,0.23103,0.20660,0.32503,0.00242,0.00262,0.16387,0.00362,0.07512,0.00771,0.06978,4.24861
2026-09-13T13:26:15.990,1789280775.990,,4.9631,61.7,2400,60.9,0x0,0.00312,0.21831,0.20525,0.31916,0.00302,0.00242,0.17999,0.00000,0.05168,0.00651,0.06776,3.90586
2026-09-13T13:26:17.016,1789280777.017,,3.8482,63.4,2400,61.0,0x0,0.00302,0.29238,0.20525,0.38259,0.00242,0.00242,0.16447,0.00000,0.39123,0.01177,0.06792,2.32477
2026-09-13T13:26:18.043,1789280778.043,,5.2481,63.9,2400,60.2,0x0,0.00312,0.26107,0.20518,0.36504,0.00241,0.00181,0.17073,0.05070,0.09347,0.01749,0.07072,4.00633
2026-09-13T13:26:19.070,1789280779.070,,4.3382,63.9,2400,62.3,0x0,0.00302,0.24437,0.20444,0.32643,0.00281,0.00242,0.17059,0.20958,0.17909,0.00000,0.06917,2.92629
2026-09-13T13:26:20.100,1789280780.100,,8.8923,63.9,2400,60.4,0x0,0.00297,0.22200,0.20337,0.39530,0.00242,0.00222,0.17059,0.20921,0.21268,0.00445,0.07215,7.39499
2026-09-13T13:26:21.129,1789280781.129,,4.4519,64.5,2400,60.5,0x0,0.00302,0.33260,0.20982,0.37507,0.00241,0.00282,0.17054,0.23885,0.28342,0.01598,0.06985,2.74756
2026-09-13T13:26:22.155,1789280782.156,,2.9133,61.1,2400,49.1,0x0,0.00287,0.27017,0.20411,0.36173,0.00241,0.00262,0.19617,0.17670,0.24856,0.00711,0.07064,1.37021
2026-09-13T13:26:23.181,1789280783.181,,2.0470,60.0,2400,20.0,0x0,0.00297,0.21743,0.20566,0.37026,0.00282,0.00242,0.29166,0.17710,0.03912,0.00000,0.06883,0.66877
2026-09-13T13:26:24.206,1789280784.207,,1.8860,58.4,2400,0.5,0x0,0.00297,0.21851,0.21951,0.32134,0.00242,0.00222,0.17035,0.18415,0.03252,0.00000,0.07080,0.66121
2026-09-13T13:26:25.233,1789280785.233,,2.8828,57.9,2400,21.5,0x0,0.00287,0.23422,0.20458,0.33539,0.00241,0.00262,0.18065,0.17693,0.10853,0.00089,0.07182,1.56187
2026-09-13T13:26:26.260,1789280786.260,,5.7218,59.5,2400,26.9,0x0,0.00306,0.31616,0.21003,0.39152,0.00282,0.00282,0.14801,0.18396,0.26516,0.01800,0.06711,4.11311
2026-09-13T13:26:27.292,1789280787.292,,9.0956,63.9,2400,100.0,0x0,0.00311,0.32538,0.27930,0.41243,0.00281,0.00222,0.18699,0.19720,0.50566,0.00710,0.07014,7.10323
2026-09-13T13:26:28.325,1789280788.325,,7.6025,65.5,2400,99.8,0x0,0.00302,0.24972,0.34099,0.34930,0.00322,0.00181,0.19983,0.21330,0.17713,0.00177,0.06703,5.99533
2026-09-13T13:26:29.361,1789280789.361,,8.9235,67.2,2400,99.0,0x0,0.00297,0.28743,0.20552,0.39659,0.00281,0.00282,0.19006,0.15899,0.41885,0.00649,0.06683,7.18415
2026-09-13T13:26:30.391,1789280790.391,,2.5665,61.1,2400,47.6,0x0,0.00287,0.23903,0.20566,0.32292,0.00242,0.00181,0.16447,0.18094,0.03757,0.00030,0.07054,1.33794
2026-09-13T13:26:31.417,1789280791.418,,3.1707,60.0,2400,25.1,0x0,0.00307,0.29783,0.20680,0.37733,0.00241,0.00262,0.17692,0.00000,0.41079,0.00825,0.06803,1.61668
2026-09-13T13:26:32.444,1789280792.445,,3.1195,62.8,2400,52.6,0x0,0.00297,0.22704,0.20518,0.34900,0.00281,0.00282,0.15170,0.20478,0.17670,0.00295,0.07127,1.72228
2026-09-13T13:26:33.472,1789280793.473,,5.8820,65.5,2400,86.1,0x0,0.00297,0.21851,0.20518,0.31811,0.00281,0.00282,0.17682,0.18776,0.03560,0.00000,0.06922,4.66215
2026-09-13T13:26:34.509,1789280794.509,,6.6159,67.2,2400,93.2,0x0,0.00297,0.25686,0.20504,0.31590,0.00282,0.00242,0.16401,0.20622,0.03824,0.00178,0.06937,5.35024
2026-09-13T13:26:35.543,1789280795.544,,7.7951,67.2,2400,92.7,0x0,0.00311,0.26623,0.20169,0.31766,0.00282,0.00282,0.17994,0.21664,0.03865,0.00000,0.07098,6.49452
2026-09-13T13:26:36.572,1789280796.572,,8.9585,66.7,2400,92.9,0x0,0.00297,0.23800,0.20411,0.37702,0.00282,0.00241,0.14793,0.18067,0.50176,0.00918,0.06621,7.22542
2026-09-13T13:26:37.617,1789280797.617,,6.0731,68.3,2400,91.8,0x0,0.00311,0.21851,0.20612,0.32093,0.00261,0.00242,0.17682,0.22810,0.03136,0.00000,0.06781,4.81527
2026-09-13T13:26:38.653,1789280798.653,,7.5022,68.3,2400,93.8,0x0,0.00297,0.26828,0.20350,0.34749,0.00242,0.00242,0.15127,0.23487,0.20667,0.00860,0.06563,6.00811
2026-09-13T13:26:39.685,1789280799.685,,4.7510,68.3,2400,94.2,0x0,0.00311,0.30457,0.20223,0.33170,0.00241,0.00262,0.15475,0.18081,0.04930,0.00000,0.06796,3.45150
2026-09-13T13:26:40.720,1789280800.721,,7.0463,69.4,2400,87.8,0x0,0.00301,0.26952,0.20518,0.35802,0.00241,0.00262,0.18009,0.17750,0.04209,0.00177,0.06828,5.73576
2026-09-13T13:26:41.749,1789280801.749,,8.2375,67.8,2400,92.3,0x0,0.00297,0.26562,0.20605,0.32134,0.00241,0.00242,0.15798,0.01804,0.16582,0.00618,0.06819,7.02046
2026-09-13T13:26:42.779,1789280802.780,,5.4777,67.8,2400,92.2,0x0,0.00297,0.21713,0.20552,0.35627,0.00281,0.00242,0.17044,0.05799,0.38478,0.02529,0.06892,3.98317
2026-09-13T13:26:43.807,1789280803.807,,4.4579,67.8,2400,90.9,0x0,0.00297,0.25831,0.20390,0.35276,0.00282,0.00282,0.17092,0.19108,0.38492,0.00649,0.06626,2.81466
2026-09-13T13:26:44.836,1789280804.837,,3.9891,68.3,2400,91.3,0x0,0.00302,0.28770,0.20411,0.37557,0.00241,0.00262,0.17087,0.18180,0.17565,0.00977,0.06623,2.50940
2026-09-13T13:26:45.865,1789280805.866,,8.1559,68.3,2400,92.4,0x0,0.00287,0.26940,0.33968,0.37733,0.00281,0.00242,0.18652,0.17314,0.09441,0.00089,0.06652,6.63995
2026-09-13T13:26:46.900,1789280806.900,,5.4137,68.8,2400,92.4,0x0,0.00302,0.25484,0.20781,0.32994,0.00282,0.00282,0.16061,0.17857,0.24410,0.01126,0.06479,3.95315
2026-09-13T13:26:47.930,1789280807.931,,2.7235,64.5,2400,27.4,0x0,0.00297,0.23914,0.20612,0.34574,0.00281,0.00282,0.17672,0.25668,0.12998,0.00207,0.06909,1.28938
2026-09-13T13:26:48.958,1789280808.958,,1.9410,61.1,2400,4.4,0x0,0.00297,0.21675,0.23042,0.32080,0.00282,0.00282,0.17068,0.20478,0.04403,0.00000,0.06755,0.67734
2026-09-13T13:26:49.983,1789280809.984,,1.9753,61.7,2400,2.2,0x0,0.00307,0.21997,0.20660,0.31941,0.00241,0.00262,0.23476,0.20560,0.03557,0.00000,0.06832,0.67693
2026-09-13T13:26:51.009,1789280811.009,,2.9846,62.2,2400,33.6,0x0,0.00297,0.21987,0.20639,0.33872,0.00282,0.00282,0.16107,0.20220,0.17737,0.00148,0.06867,1.60027
2026-09-13T13:26:52.034,1789280812.035,,3.8665,62.2,2400,24.9,0x0,0.00307,0.26955,0.20612,0.32292,0.00241,0.00262,0.17111,0.18392,0.08594,0.00000,0.06957,2.54923
2026-09-13T13:26:53.060,1789280813.061,,3.5581,62.8,2400,25.1,0x0,0.00297,0.23259,0.20625,0.33314,0.00282,0.00282,0.17366,0.00000,0.10746,0.00178,0.07213,2.42250
2026-09-13T13:26:54.087,1789280814.087,,3.6187,62.2,2400,25.3,0x0,0.00268,0.28198,0.20417,0.36349,0.00261,0.00242,0.17346,0.00362,0.21090,0.02106,0.06912,2.28317
2026-09-13T13:26:55.114,1789280815.114,,3.6734,62.8,2400,25.3,0x0,0.00287,0.22251,0.20518,0.34398,0.00281,0.00242,0.17044,0.00362,0.22918,0.00945,0.06718,2.41380
2026-09-13T13:26:56.242,1789280816.243,,3.2392,62.8,2400,24.9,0x0,0.00307,0.26767,0.20377,0.32803,0.00261,0.00262,0.17025,0.00362,0.07675,0.00118,0.06854,2.11108
2026-09-13T13:26:57.268,1789280817.268,,3.4187,61.7,2400,25.1,0x0,0.00307,0.22163,0.20660,0.31766,0.00241,0.00181,0.16723,0.00362,0.09269,0.00000,0.06858,2.33343
2026-09-13T13:26:58.294,1789280818.294,,3.6381,62.2,2400,25.1,0x0,0.00311,0.21821,0.34195,0.32625,0.00402,0.00222,0.19650,0.00000,0.05621,0.00089,0.06839,2.42031
2026-09-13T13:26:59.319,1789280819.320,,3.5025,62.8,2400,25.1,0x0,0.00287,0.22095,0.20639,0.32503,0.00261,0.00242,0.17059,0.19488,0.04945,0.00030,0.06780,2.25923
2026-09-13T13:27:00.345,1789280820.346,,3.0168,62.2,2400,33.1,0x0,0.00297,0.23546,0.20532,0.32643,0.00241,0.00242,0.17375,0.19498,0.07212,0.00118,0.07058,1.72922
2026-09-13T13:27:01.371,1789280821.371,,2.9217,61.7,2400,25.2,0x0,0.00302,0.21831,0.21284,0.32292,0.00241,0.00181,0.18034,0.21330,0.10886,0.00354,0.07045,1.58387
2026-09-13T13:27:02.397,1789280822.398,,3.3354,61.7,2400,25.2,0x0,0.00311,0.22912,0.20552,0.33170,0.00241,0.00242,0.17702,0.20968,0.11964,0.00265,0.07028,1.98183
2026-09-13T13:27:03.424,1789280823.424,,3.7747,62.2,2400,34.3,0x0,0.00297,0.24181,0.20470,0.33669,0.00302,0.00282,0.17682,0.23085,0.14316,0.01038,0.07144,2.35007
2026-09-13T13:27:04.450,1789280824.451,,3.8073,63.4,2400,32.8,0x0,0.00297,0.28211,0.27761,0.32143,0.00282,0.00282,0.17702,0.19834,0.07750,0.00030,0.07380,2.39062
2026-09-13T13:27:05.476,1789280825.477,,3.5895,62.2,2400,32.3,0x0,0.00311,0.24259,0.21973,0.32327,0.00241,0.00242,0.19573,0.18094,0.06919,0.00473,0.06838,2.27700
2026-09-13T13:27:06.503,1789280826.504,,4.6927,65.0,2400,37.7,0x0,0.00311,0.26689,0.20566,0.33696,0.00282,0.00242,0.19006,0.00000,0.40418,0.00000,0.06418,3.21646
2026-09-13T13:27:07.530,1789280827.531,,3.7395,63.9,2400,34.3,0x0,0.00282,0.31201,0.20431,0.37353,0.00242,0.00262,0.29444,0.00361,0.04850,0.00000,0.06765,2.42754
2026-09-13T13:27:08.556,1789280828.557,,3.7109,62.8,2400,32.5,0x0,0.00287,0.23992,0.20573,0.31607,0.00282,0.00242,0.17068,0.19118,0.12839,0.00000,0.06966,2.38122
2026-09-13T13:27:09.582,1789280829.583,,2.9210,63.9,2400,32.3,0x0,0.00287,0.22309,0.20875,0.33170,0.00242,0.00262,0.17039,0.20581,0.09700,0.00147,0.06718,1.60775
2026-09-13T13:27:10.608,1789280830.609,,4.8206,63.4,2400,34.6,0x0,0.00302,0.29227,0.20840,0.35841,0.00241,0.00222,0.15170,0.21648,0.32248,0.02972,0.07080,3.16264
2026-09-13T13:27:11.634,1789280831.635,,4.0009,62.2,2400,32.8,0x0,0.00287,0.25452,0.20584,0.33206,0.00241,0.00483,0.17107,0.19779,0.11517,0.00353,0.06843,2.64242
2026-09-13T13:27:12.660,1789280832.661,,3.8196,63.4,2400,32.9,0x0,0.00297,0.22943,0.27761,0.33688,0.00282,0.00282,0.17371,0.21713,0.07099,0.00621,0.07077,2.42827
2026-09-13T13:27:13.687,1789280833.688,,3.6462,62.8,2400,32.8,0x0,0.00307,0.21763,0.20673,0.31750,0.00322,0.00322,0.16746,0.20602,0.03866,0.00000,0.06966,2.41307
2026-09-13T13:27:14.714,1789280834.715,,2.7845,63.4,2400,32.8,0x0,0.00311,0.26767,0.20660,0.32271,0.00262,0.00242,0.18631,0.18031,0.06228,0.00000,0.07056,1.47995
2026-09-13T13:27:15.740,1789280835.741,,3.0172,62.8,2400,32.1,0x0,0.00297,0.23724,0.24019,0.32271,0.00322,0.00242,0.24180,0.19473,0.17838,0.00236,0.06959,1.52157
2026-09-13T13:27:16.766,1789280836.767,,3.7546,63.4,2400,32.8,0x0,0.00302,0.22122,0.21900,0.33157,0.00261,0.00222,0.18974,0.17670,0.14404,0.00089,0.06713,2.39642
2026-09-13T13:27:17.792,1789280837.793,,3.6197,63.4,2400,40.1,0x0,0.00311,0.22485,0.20639,0.32292,0.00282,0.00242,0.17049,0.00000,0.10893,0.00147,0.06990,2.50637
2026-09-13T13:27:18.819,1789280838.819,,3.4303,63.9,2400,32.6,0x0,0.00316,0.26701,0.20363,0.32327,0.00302,0.00242,0.21794,0.00361,0.06040,0.00177,0.06772,2.27631
2026-09-13T13:27:19.846,1789280839.846,,3.6037,63.9,2400,32.7,0x0,0.00297,0.22037,0.20532,0.32256,0.00281,0.00282,0.17772,0.05074,0.06795,0.00000,0.07215,2.47828
2026-09-13T13:27:20.873,1789280840.873,,3.8519,63.4,2400,35.0,0x0,0.00287,0.27938,0.20497,0.32274,0.00261,0.00181,0.17677,0.20560,0.05914,0.00119,0.07024,2.52457
2026-09-13T13:27:21.899,1789280841.899,,3.8971,64.5,2400,39.4,0x0,0.00287,0.21783,0.20552,0.32432,0.00282,0.00242,0.24454,0.20200,0.05039,0.00000,0.06890,2.57545
2026-09-13T13:27:22.924,1789280842.925,,3.8697,63.9,2400,32.7,0x0,0.00302,0.23724,0.20303,0.34367,0.00262,0.00181,0.17092,0.05074,0.21296,0.00267,0.07026,2.57080
2026-09-13T13:27:23.953,1789280843.953,,3.8790,63.9,2400,32.5,0x0,0.00302,0.22115,0.20625,0.34574,0.00241,0.00242,0.15115,0.19498,0.22889,0.00888,0.06923,2.44493
2026-09-13T13:27:24.984,1789280844.984,,3.9363,64.5,2400,34.4,0x0,0.00302,0.27254,0.20889,0.37945,0.00261,0.00181,0.18315,0.16260,0.22872,0.00711,0.06965,2.41671
2026-09-13T13:27:26.011,1789280846.011,,3.0945,62.8,2400,38.7,0x0,0.00311,0.25105,0.20673,0.33512,0.00402,0.00242,0.16406,0.18790,0.14467,0.00767,0.06912,1.71866
2026-09-13T13:27:27.036,1789280847.037,,2.6707,62.8,2400,32.4,0x0,0.00302,0.25301,0.20625,0.33844,0.00281,0.00282,0.17677,0.18072,0.17958,0.00533,0.07199,1.24996
2026-09-13T13:27:28.062,1789280848.062,,2.7909,62.2,2400,24.7,0x0,0.00311,0.22823,0.20680,0.34221,0.00262,0.00242,0.18647,0.00000,0.18005,0.00177,0.06879,1.56842
2026-09-13T13:27:29.088,1789280849.088,,2.8633,63.4,2400,35.9,0x0,0.00297,0.24181,0.20552,0.33381,0.00282,0.00282,0.17400,0.11569,0.11328,0.00000,0.06979,1.60075
2026-09-13T13:27:30.114,1789280850.114,,5.6958,65.0,2400,41.7,0x0,0.00307,0.22990,0.21843,0.34749,0.00241,0.00262,0.17030,0.20602,0.17653,0.00000,0.06526,4.27381
2026-09-13T13:27:31.141,1789280851.141,,4.0895,65.5,2400,52.8,0x0,0.00311,0.23657,0.20948,0.38259,0.00282,0.00242,0.17049,0.20266,0.07527,0.00268,0.06892,2.73245
2026-09-13T13:27:32.167,1789280852.168,,5.0975,66.1,2400,50.1,0x0,0.00311,0.21919,0.21750,0.34071,0.00282,0.00282,0.20289,0.19180,0.10997,0.00714,0.06670,3.73284
2026-09-13T13:27:33.193,1789280853.194,,5.4131,66.1,2400,51.5,0x0,0.00297,0.21821,0.20680,0.30988,0.00241,0.00181,0.17732,0.18818,0.09146,0.00118,0.06659,4.14624
2026-09-13T13:27:34.220,1789280854.221,,2.8341,63.9,2400,46.5,0x0,0.00312,0.21763,0.20667,0.32661,0.00282,0.00242,0.20311,0.19506,0.03260,0.00000,0.06725,1.57686
2026-09-13T13:27:35.246,1789280855.246,,2.7556,63.9,2400,30.9,0x0,0.00297,0.23021,0.20518,0.33030,0.00241,0.00262,0.17030,0.00361,0.09472,0.00207,0.07064,1.64057
2026-09-13T13:27:36.272,1789280856.272,,3.3583,63.4,2400,25.1,0x0,0.00311,0.34274,0.20584,0.34044,0.00261,0.00242,0.18004,0.00362,0.15423,0.00119,0.06738,2.05470
2026-09-13T13:27:37.300,1789280857.300,,3.8371,65.5,2400,49.4,0x0,0.00311,0.28562,0.20625,0.38299,0.00403,0.00222,0.17361,0.21179,0.38565,0.01693,0.06976,2.09515
2026-09-13T13:27:38.328,1789280858.328,,5.8345,66.7,2400,61.7,0x0,0.00302,0.39451,0.20538,0.36349,0.00241,0.00262,0.16732,0.21351,0.23042,0.00977,0.06892,4.17310
2026-09-13T13:27:39.356,1789280859.356,,5.2958,67.2,2400,60.6,0x0,0.00302,0.34415,0.20598,0.34398,0.00241,0.00242,0.17375,0.21643,0.19720,0.01398,0.07219,3.72028
2026-09-13T13:27:40.384,1789280860.384,,4.5178,68.3,2400,58.8,0x0,0.00292,0.31548,0.27565,0.37908,0.00241,0.00242,0.19661,0.22059,0.25039,0.01483,0.07170,2.78570
2026-09-13T13:27:41.411,1789280861.412,,5.2578,68.3,2400,63.0,0x0,0.00297,0.25261,0.20740,0.32468,0.00282,0.00242,0.16120,0.21010,0.07597,0.00148,0.06846,3.94773
2026-09-13T13:27:42.540,1789280862.540,,4.6710,67.2,2400,61.7,0x0,0.00311,0.22319,0.20552,0.34221,0.00402,0.00242,0.17044,0.20989,0.07197,0.00029,0.06905,3.36888
2026-09-13T13:27:43.566,1789280863.567,,5.0714,67.8,2400,60.9,0x0,0.00297,0.31553,0.20525,0.32507,0.00281,0.00282,0.17087,0.20245,0.06374,0.00000,0.06983,3.71008
2026-09-13T13:27:44.596,1789280864.596,,4.4654,68.3,2400,60.2,0x0,0.00321,0.30868,0.20552,0.37058,0.00262,0.00181,0.16070,0.17388,0.22612,0.00769,0.07294,2.93161
2026-09-13T13:27:45.624,1789280865.625,,4.8440,67.8,2400,55.5,0x0,0.00302,0.24114,0.20552,0.34435,0.00281,0.00282,0.17390,0.00000,0.07027,0.00178,0.06675,3.73161
2026-09-13T13:27:46.652,1789280866.652,,5.0969,68.8,2400,61.4,0x0,0.00297,0.23568,0.32711,0.38125,0.00281,0.00282,0.17732,0.00362,0.28019,0.01487,0.06855,3.59970
2026-09-13T13:27:47.679,1789280867.680,,5.7206,68.3,2400,60.6,0x0,0.00311,0.31776,0.20357,0.36855,0.00282,0.00282,0.16093,0.18799,0.24442,0.01184,0.07008,4.14671
2026-09-13T13:27:48.707,1789280868.707,,3.7076,68.3,2400,61.0,0x0,0.00297,0.24159,0.20458,0.34576,0.00241,0.00221,0.19301,0.22656,0.19349,0.00742,0.06833,2.21926
2026-09-13T13:27:49.734,1789280869.734,,4.9268,68.3,2400,61.5,0x0,0.00306,0.22943,0.20538,0.34047,0.00241,0.00262,0.18004,0.22386,0.17982,0.01393,0.07142,3.47437
2026-09-13T13:27:50.761,1789280870.762,,4.6136,68.3,2400,60.6,0x0,0.00287,0.29055,0.19987,0.35809,0.00241,0.00242,0.17020,0.23885,0.24393,0.00208,0.06716,3.03517
2026-09-13T13:27:51.790,1789280871.790,,4.6882,68.3,2400,61.8,0x0,0.00301,0.27938,0.20229,0.42200,0.00261,0.00262,0.29756,0.23155,0.20486,0.00000,0.06905,2.97323
2026-09-13T13:27:52.819,1789280872.819,,2.9872,65.5,2400,51.1,0x0,0.00297,0.24181,0.23971,0.36680,0.00281,0.00282,0.17020,0.20916,0.22100,0.00297,0.07037,1.45652
2026-09-13T13:27:53.845,1789280873.845,,2.1225,64.5,2400,21.0,0x0,0.00307,0.21743,0.27500,0.33689,0.00261,0.00181,0.24078,0.18795,0.08803,0.00000,0.06810,0.70083
2026-09-13T13:27:54.875,1789280874.876,,3.1250,63.9,2400,19.3,0x0,0.00297,0.23209,0.20566,0.35978,0.00282,0.00282,0.17078,0.18094,0.19286,0.00088,0.06912,1.70428
2026-09-13T13:27:55.901,1789280875.901,,3.3839,63.4,2400,25.3,0x0,0.00292,0.22241,0.34110,0.34787,0.00241,0.00242,0.18947,0.19166,0.21162,0.00207,0.06957,1.80039
2026-09-13T13:27:56.932,1789280876.933,,4.4387,67.8,2400,95.6,0x0,0.00287,0.32593,0.20444,0.39286,0.00282,0.00282,0.17054,0.03982,0.45717,0.01450,0.06696,2.75801
2026-09-13T13:27:57.962,1789280877.963,,8.9069,70.5,2400,99.5,0x0,0.00306,0.23146,0.27528,0.35100,0.00242,0.00242,0.18367,0.05789,0.24418,0.00000,0.07045,7.48504
2026-09-13T13:27:58.996,1789280878.997,,6.6467,71.0,2400,98.8,0x0,0.00311,0.26964,0.20955,0.36663,0.00281,0.00282,0.18289,0.21686,0.30989,0.00473,0.06833,5.00945
2026-09-13T13:28:00.026,1789280880.027,,3.0511,65.5,2400,55.8,0x0,0.00301,0.21783,0.20504,0.33381,0.00241,0.00181,0.17073,0.17732,0.09335,0.00000,0.06978,1.77596
2026-09-13T13:28:01.052,1789280881.053,,3.5241,66.1,2400,25.1,0x0,0.00307,0.23369,0.27608,0.34925,0.00281,0.00282,0.18336,0.19156,0.15705,0.00000,0.06976,2.05470
2026-09-13T13:28:02.079,1789280882.080,,8.5727,68.3,2400,51.7,0x0,0.00297,0.25085,0.21914,0.36460,0.00261,0.00181,0.18647,0.20266,0.25196,0.00623,0.06876,7.01460
2026-09-13T13:28:03.112,1789280883.112,,7.8746,68.8,2400,78.8,0x0,0.00306,0.31513,0.20532,0.39851,0.00241,0.00242,0.15789,0.17670,0.38135,0.01772,0.06830,6.14578
2026-09-13T13:28:04.245,1789280884.246,,8.8661,71.0,2400,92.9,0x0,0.00291,0.22922,0.20088,0.35481,0.00282,0.00241,0.16456,0.21692,0.31302,0.00178,0.06924,7.30754
2026-09-13T13:28:05.280,1789280885.280,,5.1575,71.0,2400,92.0,0x0,0.00297,0.27117,0.20767,0.35958,0.00281,0.00181,0.19064,0.22776,0.46264,0.00917,0.06840,3.35291
2026-09-13T13:28:06.316,1789280886.317,,6.0145,70.5,2400,91.4,0x0,0.00287,0.21889,0.20584,0.33964,0.00361,0.00282,0.15187,0.22437,0.17791,0.00000,0.06800,4.61872
2026-09-13T13:28:07.347,1789280887.348,,4.3637,70.5,2400,91.2,0x0,0.00297,0.31490,0.20538,0.35253,0.00282,0.00282,0.17677,0.15971,0.48217,0.00681,0.06930,2.58750
2026-09-13T13:28:08.376,1789280888.377,,5.7778,71.6,2400,94.6,0x0,0.00297,0.31752,0.20639,0.42555,0.00261,0.00181,0.28484,0.22358,0.44577,0.03498,0.06824,3.76351
2026-09-13T13:28:09.412,1789280889.413,,7.6220,72.2,2400,93.2,0x0,0.00311,0.23468,0.20639,0.35470,0.00281,0.00242,0.17667,0.18081,0.20927,0.00030,0.06759,6.18321
2026-09-13T13:28:10.443,1789280890.444,,9.4146,71.6,2400,84.5,0x0,0.00297,0.25397,0.21148,0.34902,0.00281,0.00241,0.17097,0.20266,0.56105,0.01365,0.06530,7.57827
2026-09-13T13:28:11.471,1789280891.472,,4.4349,71.0,2400,90.9,0x0,0.00302,0.31017,0.20577,0.35189,0.00281,0.00181,0.16410,0.20984,0.53890,0.01092,0.06741,2.56825
2026-09-13T13:28:12.500,1789280892.500,,6.2468,71.6,2400,91.0,0x0,0.00297,0.31187,0.20370,0.36505,0.00282,0.00282,0.18361,0.18392,0.21370,0.01715,0.06989,4.68935
2026-09-13T13:28:13.533,1789280893.534,,4.2178,70.5,2400,91.7,0x0,0.00311,0.26341,0.20678,0.37226,0.00281,0.00141,0.17025,0.16996,0.13132,0.00385,0.06542,2.82720
2026-09-13T13:28:14.561,1789280894.562,,4.5824,72.2,2400,90.4,0x0,0.00297,0.26389,0.20337,0.40877,0.00281,0.00242,0.15798,0.03624,0.28360,0.00030,0.06731,3.15277
2026-09-13T13:28:15.593,1789280895.593,,7.9728,72.2,2400,92.2,0x0,0.00306,0.26640,0.20673,0.37680,0.00282,0.00181,0.16052,0.05074,0.41276,0.02131,0.06490,6.40493
2026-09-13T13:28:16.632,1789280896.633,,8.3887,71.6,2400,93.5,0x0,0.00292,0.30449,0.21736,0.40851,0.00281,0.00322,0.24092,0.00362,0.48647,0.01246,0.06661,6.63933
2026-09-13T13:28:17.662,1789280897.662,,3.2231,68.3,2400,54.0,0x0,0.00287,0.28445,0.24063,0.37382,0.00241,0.00242,0.18320,0.18392,0.31738,0.00768,0.07138,1.55297
2026-09-13T13:28:18.689,1789280898.689,,2.0976,66.1,2400,14.9,0x0,0.00306,0.21743,0.27322,0.33345,0.00241,0.00181,0.20903,0.17710,0.08835,0.00000,0.06748,0.72428
2026-09-13T13:28:19.715,1789280899.716,,2.0325,65.5,2400,0.2,0x0,0.00302,0.21773,0.22059,0.33696,0.00242,0.00322,0.19595,0.18433,0.08108,0.00000,0.07069,0.71654
2026-09-13T13:28:20.741,1789280900.742,,1.9815,65.0,2400,0.0,0x0,0.00302,0.21568,0.20632,0.33696,0.00241,0.00242,0.17044,0.18072,0.08704,0.00000,0.06768,0.70879
2026-09-13T13:28:21.767,1789280901.767,,3.0494,64.5,2400,1.2,0x0,0.00302,0.22153,0.33838,0.32854,0.00282,0.00282,0.19273,1.07852,0.08895,0.00000,0.06755,0.72450
2026-09-13T13:28:22.796,1789280902.797,,2.9529,64.5,2400,12.2,0x0,0.00297,0.21421,0.20573,0.35276,0.00281,0.00282,0.16751,0.20245,0.19724,0.00000,0.06829,1.53611
2026-09-13T13:28:23.823,1789280903.823,,3.1326,64.5,2400,29.1,0x0,0.00306,0.24381,0.32744,0.35100,0.00242,0.00322,0.16666,0.20968,0.24674,0.00294,0.07086,1.50473
2026-09-13T13:28:24.857,1789280904.857,,5.2204,68.8,2400,81.8,0x0,0.00292,0.40202,0.21936,0.41103,0.00261,0.00161,0.17044,0.19874,0.56447,0.01096,0.06567,3.17060
2026-09-13T13:28:25.891,1789280905.892,,5.1297,71.6,2400,100.0,0x0,0.00297,0.33151,0.20712,0.37290,0.00282,0.00161,0.17356,0.00362,0.49985,0.01657,0.06745,3.44975
2026-09-13T13:28:26.928,1789280906.928,,8.6087,72.7,2400,98.1,0x0,0.00302,0.22173,0.20605,0.33626,0.00302,0.00241,0.15144,0.02530,0.16809,0.00326,0.06800,7.42016
2026-09-13T13:28:27.960,1789280907.961,,3.3475,68.8,2400,69.2,0x0,0.00297,0.22455,0.21327,0.34241,0.00241,0.00242,0.23831,0.04689,0.17461,0.00030,0.06794,2.03142
2026-09-13T13:28:28.986,1789280908.987,,2.5600,67.8,2400,24.9,0x0,0.00311,0.25417,0.20826,0.36704,0.00282,0.00242,0.16429,0.05050,0.24154,0.00266,0.06865,1.19459
2026-09-13T13:28:30.020,1789280910.020,,8.4125,68.3,2400,36.7,0x0,0.00297,0.25897,0.20518,0.35605,0.00281,0.00282,0.18931,0.18475,0.17999,0.01185,0.07113,6.94665
2026-09-13T13:28:31.050,1789280911.051,,5.1258,68.8,2400,80.8,0x0,0.00311,0.25608,0.21191,0.38166,0.00282,0.00282,0.19273,0.19859,0.11028,0.01179,0.06690,3.68710
2026-09-13T13:28:32.081,1789280912.081,,3.7203,71.0,2400,92.9,0x0,0.00311,0.21625,0.21822,0.36065,0.00281,0.00282,0.17667,0.22025,0.27608,0.00000,0.06732,2.17612
2026-09-13T13:28:33.112,1789280913.113,,4.2494,71.6,2400,92.4,0x0,0.00301,0.25969,0.21041,0.37058,0.00322,0.00282,0.16415,0.22274,0.13848,0.00296,0.06547,2.80584
2026-09-13T13:28:34.140,1789280914.141,,4.6230,72.2,2400,93.4,0x0,0.00297,0.33338,0.20518,0.33209,0.00281,0.00161,0.17006,0.18094,0.21092,0.02069,0.06863,3.09373
2026-09-13T13:28:35.172,1789280915.173,,6.2855,73.2,2400,92.9,0x0,0.00292,0.23626,0.20525,0.34071,0.00281,0.00242,0.16075,0.20968,0.17109,0.01305,0.06666,4.87393
2026-09-13T13:28:36.208,1789280916.208,,6.2696,72.7,2400,91.5,0x0,0.00306,0.32219,0.20202,0.34925,0.00141,0.00141,0.24126,0.19884,0.12143,0.00476,0.06647,4.75747
2026-09-13T13:28:37.239,1789280917.239,,7.3125,72.7,2400,91.7,0x0,0.00297,0.29200,0.20639,0.34398,0.00282,0.00242,0.17727,0.18438,0.15459,0.01037,0.06593,5.86940
2026-09-13T13:28:38.268,1789280918.268,,5.3459,72.2,2400,91.4,0x0,0.00311,0.25993,0.20102,0.40250,0.00141,0.00141,0.16424,0.00725,0.21284,0.01063,0.06455,4.01704
2026-09-13T13:28:39.299,1789280919.299,,4.5210,73.2,2400,92.9,0x0,0.00316,0.32501,0.20337,0.37722,0.00141,0.00141,0.17410,0.22415,0.27782,0.01601,0.06541,2.85195
2026-09-13T13:28:40.328,1789280920.328,,6.4477,73.8,2400,92.4,0x0,0.00297,0.23301,0.20680,0.34223,0.00141,0.00141,0.18004,0.18818,0.44159,0.00148,0.06736,4.78124
2026-09-13T13:28:41.364,1789280921.364,,4.7466,73.2,2400,90.4,0x0,0.00277,0.31308,0.20819,0.39289,0.00302,0.00181,0.17687,0.00000,0.44655,0.01038,0.06960,3.12140
2026-09-13T13:28:42.397,1789280922.397,,6.0882,72.2,2400,91.2,0x0,0.00302,0.29316,0.20740,0.39041,0.00281,0.00181,0.17667,0.22075,0.40108,0.01944,0.06857,4.30312
2026-09-13T13:28:43.430,1789280923.431,,9.3670,72.7,2400,94.1,0x0,0.00321,0.24026,0.27242,0.41142,0.00141,0.00141,0.23764,0.20220,0.25842,0.01059,0.06445,7.66362
2026-09-13T13:28:44.459,1789280924.460,,7.3440,74.3,2400,93.6,0x0,0.00302,0.35319,0.22070,0.35288,0.00301,0.00181,0.18621,0.19561,0.15594,0.00355,0.06679,5.80124
2026-09-13T13:28:45.492,1789280925.493,,5.9136,74.3,2400,89.1,0x0,0.00302,0.21498,0.20889,0.34837,0.00301,0.00181,0.17390,0.21686,0.34747,0.00177,0.07043,4.32312
2026-09-13T13:28:46.523,1789280926.524,,6.4215,73.8,2400,91.3,0x0,0.00312,0.21763,0.20712,0.33723,0.00281,0.00161,0.16713,0.17388,0.12027,0.00029,0.06954,5.12081
2026-09-13T13:28:47.554,1789280927.555,,4.7405,73.8,2400,92.4,0x0,0.00311,0.27485,0.27331,0.37600,0.00221,0.00282,0.19022,0.19834,0.33257,0.00770,0.06881,3.01054
2026-09-13T13:28:48.584,1789280928.585,,6.4652,74.9,2400,93.7,0x0,0.00311,0.31215,0.20792,0.36634,0.00281,0.00282,0.19006,0.19180,0.17199,0.01009,0.06695,4.93913
2026-09-13T13:28:49.616,1789280929.617,,6.0745,74.9,2400,93.6,0x0,0.00302,0.21987,0.20667,0.33191,0.00281,0.00161,0.17035,0.19859,0.08351,0.00000,0.06842,4.78777
2026-09-13T13:28:50.649,1789280930.649,,9.6131,74.9,2400,93.4,0x0,0.00306,0.31470,0.20470,0.37849,0.00281,0.00181,0.17063,0.24958,0.48110,0.02038,0.06455,7.72134
2026-09-13T13:28:51.680,1789280931.681,,8.8656,73.8,2400,91.6,0x0,0.00301,0.23691,0.20559,0.34047,0.00221,0.00241,0.16102,0.16562,0.17251,0.00474,0.06495,7.50618
2026-09-13T13:28:52.715,1789280932.715,,4.9259,74.3,2400,92.6,0x0,0.00297,0.29211,0.20625,0.44695,0.00282,0.00242,0.28829,0.18090,0.39532,0.01660,0.06749,3.02379
2026-09-13T13:28:53.745,1789280933.745,,8.4604,74.9,2400,91.7,0x0,0.00302,0.27977,0.20653,0.34211,0.00221,0.00282,0.15098,0.20581,0.23872,0.00681,0.06830,6.95331
2026-09-13T13:28:54.777,1789280934.777,,5.0246,75.5,2400,91.2,0x0,0.00297,0.33322,0.20014,0.40190,0.00281,0.00241,0.17059,0.21346,0.49811,0.01558,0.06922,3.11416
2026-09-13T13:28:55.813,1789280935.813,,6.5799,74.9,2400,91.8,0x0,0.00301,0.26412,0.20566,0.38125,0.00302,0.00242,0.16406,0.21335,0.41989,0.00647,0.06877,4.84791
2026-09-13T13:28:56.845,1789280936.846,,8.3078,74.9,2400,92.6,0x0,0.00306,0.22912,0.21284,0.34940,0.00302,0.00181,0.17667,0.18461,0.13679,0.00356,0.06747,6.93942
2026-09-13T13:28:57.878,1789280937.878,,5.0712,75.5,2400,95.3,0x0,0.00302,0.22153,0.21284,0.38280,0.00221,0.00282,0.16765,0.18392,0.12783,0.00059,0.06501,3.70100
2026-09-13T13:28:58.908,1789280938.908,,7.3799,76.0,2400,94.6,0x0,0.00306,0.24459,0.20962,0.34930,0.00301,0.00242,0.24427,0.19561,0.17092,0.01066,0.06645,5.88003
2026-09-13T13:28:59.943,1789280939.944,,8.8710,74.3,2400,92.1,0x0,0.00287,0.23914,0.20317,0.36984,0.00302,0.00181,0.19032,0.03255,0.26247,0.02033,0.06612,7.47934
2026-09-13T13:29:00.976,1789280940.976,,5.5492,74.9,2400,93.0,0x0,0.00311,0.21977,0.20948,0.43891,0.00141,0.00282,0.28573,0.23184,0.37794,0.01539,0.06758,3.69527
2026-09-13T13:29:02.012,1789280942.012,,7.8620,75.5,2400,92.4,0x0,0.00301,0.28523,0.20390,0.39718,0.00281,0.00181,0.18642,0.18429,0.45361,0.00593,0.06563,6.07218
2026-09-13T13:29:03.040,1789280943.040,,6.8308,74.9,2400,93.2,0x0,0.00297,0.30790,0.20875,0.34018,0.00301,0.00242,0.16746,0.18776,0.19688,0.01420,0.06505,5.33423
2026-09-13T13:29:04.079,1789280944.080,,8.5981,76.0,2400,93.7,0x0,0.00311,0.22569,0.20397,0.33669,0.00341,0.00241,0.17327,0.20622,0.17493,0.00059,0.06843,7.19940
2026-09-13T13:29:05.112,1789280945.113,,7.1736,75.5,2400,91.2,0x0,0.00306,0.33385,0.20788,0.40959,0.00322,0.00241,0.18377,0.02173,0.55065,0.01627,0.06712,5.37404
2026-09-13T13:29:06.144,1789280946.144,,6.4609,75.5,2400,91.9,0x0,0.00306,0.22305,0.20875,0.33264,0.00302,0.00282,0.19006,0.18804,0.08594,0.00118,0.06953,5.15286
2026-09-13T13:29:07.176,1789280947.177,,4.3998,75.5,2400,93.9,0x0,0.00306,0.25293,0.20660,0.33028,0.00281,0.00242,0.16713,0.19537,0.20426,0.00000,0.07148,2.96348
2026-09-13T13:29:08.211,1789280948.212,,6.3786,75.5,2400,91.5,0x0,0.00302,0.22170,0.20573,0.33669,0.00301,0.00242,0.17356,0.19904,0.29865,0.01490,0.06695,4.85296
2026-09-13T13:29:09.241,1789280949.241,,5.9687,75.5,2400,86.6,0x0,0.00311,0.31441,0.20747,0.41136,0.00141,0.00242,0.18678,0.20235,0.48869,0.01678,0.06743,4.06648
2026-09-13T13:29:10.272,1789280950.272,,6.3200,75.5,2400,91.2,0x0,0.00306,0.31386,0.22107,0.36172,0.00302,0.00241,0.23771,0.22053,0.20296,0.00884,0.06712,4.67765
2026-09-13T13:29:11.312,1789280951.313,,6.5227,76.5,2400,93.1,0x0,0.00311,0.25160,0.20518,0.40782,0.00221,0.00242,0.16447,0.20968,0.17461,0.00208,0.06625,5.03321
2026-09-13T13:29:12.348,1789280952.349,,7.3214,77.1,2400,93.0,0x0,0.00302,0.26017,0.20847,0.35451,0.00281,0.00161,0.18095,0.22075,0.11268,0.00414,0.06571,5.90662
2026-09-13T13:29:13.379,1789280953.380,,6.4850,75.5,2400,91.4,0x0,0.00301,0.21655,0.20747,0.33964,0.00141,0.00242,0.18299,0.19859,0.12847,0.00118,0.06460,5.13870
2026-09-13T13:29:14.407,1789280954.408,,6.4658,76.5,2400,92.2,0x0,0.00297,0.30104,0.20854,0.33669,0.00301,0.00181,0.16479,0.17639,0.18989,0.00030,0.06806,5.01233
2026-09-13T13:29:15.440,1789280955.441,,6.5281,76.5,2400,92.7,0x0,0.00297,0.22132,0.22037,0.34157,0.00141,0.00241,0.18673,0.20958,0.48034,0.00266,0.06666,4.79209
2026-09-13T13:29:16.471,1789280956.472,,6.2088,77.1,2400,91.9,0x0,0.00301,0.31556,0.20826,0.33376,0.00281,0.00242,0.18029,0.18429,0.17559,0.00000,0.06656,4.73628
2026-09-13T13:29:17.510,1789280957.511,,6.7968,76.5,2400,92.0,0x0,0.00311,0.32965,0.20889,0.37503,0.00141,0.00282,0.20956,0.21713,0.40317,0.03867,0.06375,4.94359
2026-09-13T13:29:18.539,1789280958.539,,4.8137,76.5,2400,92.2,0x0,0.00297,0.24036,0.20733,0.36331,0.00281,0.00161,0.15740,0.23458,0.10326,0.00000,0.06758,3.43246
2026-09-13T13:29:19.572,1789280959.573,,4.3515,74.9,2400,93.2,0x0,0.00302,0.26215,0.20875,0.34766,0.00141,0.00282,0.17677,0.20989,0.17103,0.00089,0.06475,2.90237
2026-09-13T13:29:20.602,1789280960.602,,7.0294,77.1,2400,93.7,0x0,0.00297,0.27522,0.20390,0.37247,0.00301,0.00242,0.16382,0.00000,0.46453,0.01635,0.06613,5.45858
2026-09-13T13:29:21.637,1789280961.637,,7.7826,76.0,2400,93.7,0x0,0.00301,0.26287,0.20767,0.39820,0.00282,0.00181,0.15427,0.01082,0.23334,0.00326,0.06578,6.43874
2026-09-13T13:29:22.672,1789280962.673,,6.9589,76.5,2400,93.7,0x0,0.00311,0.23969,0.22215,0.36680,0.00141,0.00141,0.16061,0.05065,0.30139,0.00030,0.06518,5.54624
2026-09-13T13:29:23.704,1789280963.704,,6.4021,77.1,2400,94.2,0x0,0.00306,0.23713,0.21003,0.33696,0.00141,0.00242,0.16373,0.23085,0.23641,0.00854,0.06870,4.90283
2026-09-13T13:29:24.740,1789280964.740,,6.5921,77.1,2400,92.9,0x0,0.00297,0.21861,0.34076,0.34044,0.00302,0.00141,0.16443,0.18818,0.10471,0.00237,0.06460,5.16063
2026-09-13T13:29:25.772,1789280965.772,,7.9137,76.0,2400,92.9,0x0,0.00287,0.23287,0.20875,0.35239,0.00301,0.00181,0.23791,0.18776,0.12076,0.00799,0.06745,6.49009
2026-09-13T13:29:26.808,1789280966.809,,6.4286,77.1,2400,93.4,0x0,0.00311,0.22600,0.23081,0.33867,0.00302,0.00141,0.16369,0.20245,0.09438,0.00000,0.06484,5.10027
2026-09-13T13:29:27.838,1789280967.838,,4.8476,77.7,2400,91.8,0x0,0.00287,0.31193,0.20906,0.41317,0.00221,0.00282,0.17375,0.21533,0.31722,0.01034,0.06706,3.12186
2026-09-13T13:29:28.866,1789280968.867,,3.3074,76.0,2400,91.9,0x0,0.00311,0.27693,0.20875,0.34753,0.00302,0.00141,0.16461,0.12999,0.44052,0.00767,0.06736,1.65650
2026-09-13T13:29:29.899,1789280969.899,,9.2939,76.5,2400,93.0,0x0,0.00287,0.29902,0.20605,0.38610,0.00141,0.00141,0.16107,0.17706,0.44706,0.00737,0.06494,7.53952
2026-09-13T13:29:30.932,1789280970.932,,6.7681,76.0,2400,92.5,0x0,0.00301,0.29356,0.21177,0.38379,0.00221,0.00322,0.16713,0.20555,0.40216,0.02219,0.07060,5.00286
2026-09-13T13:29:31.968,1789280971.969,,4.7362,76.5,2400,93.6,0x0,0.00311,0.30868,0.20868,0.34589,0.00281,0.00161,0.17852,0.18479,0.27749,0.00827,0.06640,3.14992
2026-09-13T13:29:33.000,1789280973.001,,7.5929,77.7,2400,94.2,0x0,0.00301,0.34040,0.20088,0.34762,0.00141,0.00242,0.19650,0.21664,0.37977,0.00148,0.06714,5.83567
2026-09-13T13:29:34.032,1789280974.033,,6.7903,77.7,2400,93.4,0x0,0.00297,0.22559,0.20889,0.34435,0.00302,0.00242,0.15789,0.22025,0.34042,0.00059,0.06438,5.21952
2026-09-13T13:29:35.071,1789280975.072,,6.3091,77.1,2400,92.8,0x0,0.00282,0.22325,0.20552,0.33897,0.00281,0.00181,0.19661,0.17715,0.25673,0.00000,0.06497,4.83848
2026-09-13T13:29:36.104,1789280976.104,,8.4981,77.7,2400,93.2,0x0,0.00301,0.31322,0.21978,0.33521,0.00141,0.00242,0.15700,0.18094,0.27448,0.00828,0.06535,6.93697
2026-09-13T13:29:37.141,1789280977.142,,4.5050,77.7,2400,93.4,0x0,0.00297,0.25843,0.20417,0.38591,0.00301,0.00181,0.17097,0.21373,0.21944,0.01648,0.06376,2.96437
2026-09-13T13:29:38.169,1789280978.170,,4.8027,77.7,2400,92.2,0x0,0.00287,0.28250,0.20889,0.36881,0.00261,0.00242,0.15157,0.38274,0.22925,0.02657,0.06285,3.08163
2026-09-13T13:29:39.200,1789280979.200,,5.0983,77.7,2400,92.4,0x0,0.00297,0.30109,0.22029,0.36286,0.00301,0.00181,0.18974,0.21681,0.11972,0.00593,0.06528,3.60875
2026-09-13T13:29:40.229,1789280980.230,,9.0215,76.5,2400,92.8,0x0,0.00311,0.23557,0.24584,0.34576,0.00282,0.00242,0.17672,0.17719,0.21958,0.00000,0.06727,7.54523
2026-09-13T13:29:41.256,1789280981.256,,2.6271,73.2,2400,61.3,0x0,0.00297,0.23791,0.20733,0.34753,0.00301,0.00242,0.18888,0.18799,0.18388,0.00178,0.06921,1.19423
2026-09-13T13:29:42.283,1789280982.283,,2.1471,70.5,2400,18.2,0x0,0.00297,0.22017,0.22181,0.33689,0.00322,0.00282,0.19027,0.21330,0.08478,0.00000,0.06626,0.80460
2026-09-13T13:29:43.309,1789280983.310,,3.0865,71.0,2400,1.0,0x0,0.00297,0.22605,0.20840,0.34753,0.00302,0.00242,0.16967,0.22776,0.11793,0.00119,0.06732,1.71225
2026-09-13T13:29:44.336,1789280984.336,,3.2087,71.0,2400,36.8,0x0,0.00297,0.22777,0.20552,0.34576,0.00302,0.00181,0.19279,0.22409,0.13629,0.00000,0.06780,1.80093
2026-09-13T13:29:45.368,1789280985.368,,8.6274,74.9,2400,74.5,0x0,0.00301,0.31242,0.20712,0.34367,0.00301,0.00241,0.15807,0.20200,0.35198,0.00564,0.06883,6.96927
2026-09-13T13:29:46.401,1789280986.402,,7.8650,77.7,2400,100.0,0x0,0.00297,0.31733,0.21083,0.39252,0.00302,0.00242,0.17717,0.21637,0.51439,0.01100,0.06430,5.95265
2026-09-13T13:29:47.433,1789280987.433,,7.1618,77.7,2400,99.3,0x0,0.00302,0.31971,0.27044,0.39077,0.00221,0.00242,0.17697,0.17358,0.44488,0.01661,0.06841,5.29283
2026-09-13T13:29:48.461,1789280988.462,,3.2468,74.9,2400,74.3,0x0,0.00301,0.23099,0.20976,0.33157,0.00302,0.00242,0.18642,0.18429,0.19551,0.00207,0.06663,1.83115
2026-09-13T13:29:49.488,1789280989.489,,3.0804,71.0,2400,24.8,0x0,0.00287,0.23813,0.20799,0.35276,0.00281,0.00242,0.19000,0.04327,0.17007,0.00236,0.06783,1.79985
2026-09-13T13:29:50.520,1789280990.521,,3.6474,73.2,2400,32.6,0x0,0.00292,0.32215,0.20740,0.41136,0.00302,0.00242,0.16751,0.06161,0.46269,0.00445,0.06609,1.93582
2026-09-13T13:29:51.552,1789280991.553,,6.4147,74.9,2400,81.1,0x0,0.00316,0.31017,0.22080,0.37873,0.00281,0.00181,0.22473,0.20974,0.26597,0.00830,0.06301,4.72546
2026-09-13T13:29:52.580,1789280992.581,,4.4840,75.5,2400,92.4,0x0,0.00302,0.22004,0.20896,0.33320,0.00221,0.00242,0.17984,0.18475,0.24328,0.01454,0.06632,3.02539
2026-09-13T13:29:53.611,1789280993.612,,9.5659,77.1,2400,92.1,0x0,0.00311,0.23635,0.20660,0.43264,0.00302,0.00282,0.29528,0.22437,0.30657,0.00740,0.06467,7.78311
2026-09-13T13:29:54.639,1789280994.640,,5.3271,76.0,2400,94.1,0x0,0.00302,0.22979,0.20767,0.36590,0.00281,0.00242,0.17989,0.20266,0.37623,0.01063,0.06670,3.67934
2026-09-13T13:29:55.671,1789280995.672,,6.7344,77.7,2400,92.7,0x0,0.00297,0.23869,0.20370,0.35414,0.00301,0.00201,0.21474,0.20286,0.16667,0.00118,0.06597,5.27850
2026-09-13T13:29:56.705,1789280996.705,,9.0643,78.8,2400,93.9,0x0,0.00297,0.25826,0.20767,0.40124,0.00301,0.00181,0.18325,0.22364,0.23924,0.00237,0.06495,7.47589
2026-09-13T13:29:57.740,1789280997.741,,6.4925,78.2,2400,92.2,0x0,0.00311,0.21821,0.20934,0.35014,0.00141,0.00141,0.16392,0.05059,0.16601,0.00591,0.06622,5.25620
2026-09-13T13:29:58.772,1789280998.772,,7.3630,76.5,2400,92.9,0x0,0.00311,0.26311,0.22452,0.36680,0.00141,0.00242,0.18974,0.15142,0.18818,0.00915,0.06625,5.89686
2026-09-13T13:29:59.802,1789280999.803,,4.7743,77.1,2400,94.9,0x0,0.00311,0.22455,0.22007,0.39099,0.00221,0.00141,0.19606,0.19151,0.17612,0.00030,0.06595,3.30205
2026-09-13T13:30:00.832,1789281000.833,,4.9908,78.8,2400,94.8,0x0,0.00306,0.32215,0.21807,0.38379,0.00261,0.00242,0.16392,0.05436,0.37473,0.01418,0.06789,3.38365
2026-09-13T13:30:01.867,1789281001.868,,6.2107,79.3,2400,91.7,0x0,0.00302,0.23958,0.20927,0.38903,0.00301,0.00161,0.29428,0.05066,0.15382,0.00828,0.06677,4.79140
2026-09-13T13:30:02.900,1789281002.901,,8.5980,77.7,2400,90.7,0x0,0.00311,0.31137,0.20733,0.37557,0.00141,0.00242,0.22543,0.18837,0.30427,0.01059,0.06654,6.90157
2026-09-13T13:30:03.931,1789281003.932,,6.7078,77.7,2400,91.8,0x0,0.00297,0.21967,0.20632,0.33381,0.00221,0.00242,0.17351,0.20974,0.16984,0.00562,0.06815,5.31355
2026-09-13T13:30:04.960,1789281004.961,,5.0637,77.1,2400,94.2,0x0,0.00311,0.26497,0.20927,0.34386,0.00281,0.00181,0.18325,0.20942,0.16984,0.00708,0.06249,3.60583
2026-09-13T13:30:05.991,1789281005.992,,6.6379,78.8,2400,94.1,0x0,0.00306,0.25062,0.20982,0.36809,0.00301,0.00201,0.16410,0.20989,0.35712,0.00621,0.06414,4.99985
2026-09-13T13:30:07.024,1789281007.024,,9.3309,77.7,2400,93.7,0x0,0.00302,0.27705,0.20612,0.36704,0.00221,0.00242,0.17712,0.21303,0.37098,0.00738,0.06712,7.63742
2026-09-13T13:30:08.057,1789281008.058,,6.6269,78.2,2400,93.5,0x0,0.00306,0.31314,0.22237,0.32622,0.00301,0.00201,0.17395,0.20942,0.40819,0.00853,0.06656,4.89045
2026-09-13T13:30:09.086,1789281009.087,,5.4669,78.2,2400,91.2,0x0,0.00297,0.24537,0.21434,0.36895,0.00302,0.00322,0.16765,0.19879,0.30693,0.01098,0.06742,3.87727
2026-09-13T13:30:10.114,1789281010.114,,4.9418,78.8,2400,93.2,0x0,0.00297,0.24828,0.20712,0.35937,0.00301,0.00181,0.15784,0.02536,0.42834,0.00386,0.06546,3.43835
2026-09-13T13:30:11.147,1789281011.148,,9.1132,79.3,2400,94.4,0x0,0.00301,0.26902,0.20660,0.33345,0.00141,0.00242,0.17717,0.09056,0.18553,0.00680,0.06442,7.77280
2026-09-13T13:30:12.179,1789281012.180,,7.5881,78.8,2400,92.4,0x0,0.00306,0.28120,0.20719,0.35646,0.00302,0.00262,0.18647,0.05423,0.24724,0.00624,0.06462,6.17577
2026-09-13T13:30:13.212,1789281013.213,,7.7029,79.8,2400,90.4,0x0,0.00311,0.25561,0.20896,0.35193,0.00301,0.00181,0.16447,0.06883,0.13294,0.00476,0.06874,6.43874
2026-09-13T13:30:14.248,1789281014.249,,7.4521,78.2,2400,92.2,0x0,0.00306,0.30132,0.20760,0.34576,0.00301,0.00242,0.18626,0.01449,0.44155,0.02557,0.06407,5.85702
2026-09-13T13:30:15.284,1789281015.285,,6.6611,78.8,2400,93.9,0x0,0.00301,0.31101,0.34325,0.33862,0.00301,0.00181,0.18952,0.21713,0.29102,0.00237,0.06546,4.89487
2026-09-13T13:30:16.316,1789281016.317,,5.8109,79.8,2400,93.6,0x0,0.00287,0.22231,0.27053,0.34768,0.00301,0.00141,0.23509,0.19859,0.16706,0.00976,0.06414,4.28847
2026-09-13T13:30:17.349,1789281017.349,,8.8368,79.8,2400,89.0,0x0,0.00297,0.24769,0.33760,0.39013,0.00302,0.00181,0.18984,0.23770,0.44703,0.00797,0.06146,6.90956
2026-09-13T13:30:18.381,1789281018.381,,7.4824,78.8,2400,92.2,0x0,0.00311,0.22221,0.21003,0.34485,0.00301,0.00141,0.16396,0.18456,0.16939,0.00029,0.06327,6.11630
2026-09-13T13:30:19.411,1789281019.412,,4.3844,78.8,2400,93.1,0x0,0.00311,0.31854,0.22137,0.34560,0.00301,0.00141,0.20582,0.18429,0.17837,0.00294,0.06802,2.85195
2026-09-13T13:30:20.441,1789281020.441,,4.8797,79.3,2400,92.4,0x0,0.00312,0.23578,0.20889,0.34398,0.00342,0.00242,0.17020,0.20245,0.11655,0.00357,0.06238,3.52696
2026-09-13T13:30:21.476,1789281021.476,,8.3900,79.3,2400,93.5,0x0,0.00306,0.24114,0.21936,0.34485,0.00281,0.00261,0.16075,0.21309,0.14199,0.01837,0.06509,6.97684
2026-09-13T13:30:22.513,1789281022.513,,6.6493,79.3,2400,91.7,0x0,0.00297,0.29962,0.20747,0.39333,0.00301,0.00242,0.16120,0.24100,0.46269,0.01898,0.06597,4.79065
2026-09-13T13:30:23.552,1789281023.552,,3.9489,78.8,2400,91.5,0x0,0.00287,0.23869,0.20889,0.33789,0.00221,0.00141,0.18014,0.21664,0.09623,0.00000,0.06533,2.59859
2026-09-13T13:30:24.582,1789281024.582,,5.5472,78.8,2400,93.6,0x0,0.00306,0.26497,0.20948,0.41792,0.00281,0.00181,0.17657,0.18031,0.30539,0.01004,0.06692,3.90794
2026-09-13T13:30:25.613,1789281025.613,,8.4093,80.4,2400,91.4,0x0,0.00301,0.26845,0.21003,0.35259,0.00362,0.00141,0.19306,0.13360,0.21856,0.00652,0.06348,6.95501
2026-09-13T13:30:26.649,1789281026.649,,6.9440,79.8,2400,92.2,0x0,0.00292,0.26131,0.20605,0.38728,0.00301,0.00181,0.16396,0.19904,0.17143,0.00236,0.06394,5.48084
2026-09-13T13:30:27.684,1789281027.685,,8.2253,79.8,2400,93.7,0x0,0.00297,0.23334,0.20625,0.33733,0.00301,0.00242,0.17682,0.20942,0.09272,0.00000,0.06386,6.89711
2026-09-13T13:30:28.715,1789281028.715,,2.7711,79.3,2400,93.4,0x0,0.00316,0.23110,0.21914,0.35193,0.00221,0.00141,0.15749,0.00000,0.18520,0.00148,0.06500,1.55297
2026-09-13T13:30:29.748,1789281029.749,,4.7689,81.0,2400,88.3,0x0,0.00311,0.22709,0.20875,0.36173,0.00221,0.00141,0.18341,0.03246,0.11039,0.00294,0.06493,3.57042
2026-09-13T13:30:30.780,1789281030.781,,6.1162,80.4,2400,92.9,0x0,0.00301,0.31859,0.20882,0.36286,0.00302,0.00161,0.18652,0.10097,0.33612,0.02839,0.06390,4.50234
2026-09-13T13:30:31.810,1789281031.811,,6.2625,79.8,2400,92.2,0x0,0.00306,0.22901,0.20653,0.39009,0.00282,0.00181,0.17390,0.05786,0.55452,0.01238,0.06577,4.56471
2026-09-13T13:30:32.844,1789281032.845,,3.0764,79.3,2400,91.4,0x0,0.00306,0.24426,0.22022,0.35108,0.00221,0.00242,0.16107,0.00000,0.17790,0.00265,0.06524,1.84632
2026-09-13T13:30:33.884,1789281033.885,,6.2012,79.8,2400,92.5,0x0,0.00306,0.24070,0.21427,0.36153,0.00141,0.00242,0.18004,0.02165,0.32152,0.00711,0.06628,4.78124
2026-09-13T13:30:34.916,1789281034.916,,6.6710,79.8,2400,91.5,0x0,0.00311,0.21693,0.20868,0.33264,0.00221,0.00181,0.17371,0.20942,0.08470,0.00000,0.06846,5.36931
2026-09-13T13:30:35.947,1789281035.948,,6.2133,80.4,2400,92.0,0x0,0.00302,0.21926,0.20868,0.33146,0.00301,0.00181,0.16392,0.23523,0.09217,0.00706,0.06200,4.88567
2026-09-13T13:30:36.984,1789281036.984,,4.9116,79.3,2400,92.0,0x0,0.00307,0.30201,0.20934,0.39186,0.00301,0.00282,0.18689,0.19513,0.38205,0.00943,0.06497,3.16105
2026-09-13T13:30:38.017,1789281038.017,,7.3415,79.8,2400,93.2,0x0,0.00306,0.28510,0.20927,0.38554,0.00301,0.00181,0.14138,0.18026,0.44581,0.00949,0.06729,5.60950
2026-09-13T13:30:39.052,1789281039.052,,9.0510,80.4,2400,91.3,0x0,0.00287,0.22082,0.20962,0.33614,0.00302,0.00141,0.15427,0.03978,0.20646,0.00207,0.06400,7.81055
2026-09-13T13:30:40.088,1789281040.088,,6.5508,81.0,2400,92.0,0x0,0.00306,0.28549,0.20875,0.41345,0.00281,0.00242,0.17390,0.05799,0.52978,0.00593,0.06498,4.80225
2026-09-13T13:30:41.120,1789281041.121,,6.8929,79.8,2400,91.9,0x0,0.00311,0.21675,0.20747,0.33146,0.00221,0.00242,0.17737,0.00362,0.09189,0.00000,0.06512,5.79153
2026-09-13T13:30:42.151,1789281042.152,,6.6563,81.0,2400,94.1,0x0,0.00311,0.28354,0.22007,0.36460,0.00301,0.00181,0.19290,0.02169,0.33850,0.00945,0.06512,5.15245
2026-09-13T13:30:43.182,1789281043.182,,5.9103,81.0,2400,92.4,0x0,0.00302,0.21967,0.20767,0.39949,0.00301,0.00242,0.17687,0.00000,0.09158,0.00945,0.06650,4.73058
2026-09-13T13:30:44.212,1789281044.213,,5.0423,81.0,2400,91.6,0x0,0.00302,0.27341,0.20712,0.35890,0.00301,0.00181,0.17380,0.04336,0.27286,0.01658,0.06264,3.62577
2026-09-13T13:30:45.240,1789281045.241,,3.8323,81.0,2400,92.4,0x0,0.00316,0.22153,0.27089,0.38069,0.00141,0.00242,0.17302,0.27135,0.10030,0.00000,0.07129,2.33625
2026-09-13T13:30:46.267,1789281046.268,,5.0343,81.0,2400,91.7,0x0,0.00297,0.31548,0.20982,0.36504,0.00141,0.00242,0.18336,0.22776,0.31674,0.00000,0.06645,3.34284
2026-09-13T13:30:47.298,1789281047.298,,4.9482,79.8,2400,90.8,0x0,0.00297,0.33293,0.20996,0.35809,0.00302,0.00181,0.17989,0.22409,0.33798,0.00502,0.06505,3.22734
2026-09-13T13:30:48.326,1789281048.326,,4.7998,80.4,2400,91.4,0x0,0.00297,0.30159,0.21104,0.37004,0.00221,0.00282,0.22505,0.13704,0.37478,0.01303,0.06833,3.09094
2026-09-13T13:30:49.355,1789281049.355,,6.0630,79.8,2400,92.4,0x0,0.00306,0.29875,0.20719,0.38030,0.00302,0.00201,0.16102,0.17358,0.33260,0.00651,0.06567,4.42928
2026-09-13T13:30:50.389,1789281050.389,,7.7715,81.0,2400,93.1,0x0,0.00297,0.29251,0.22181,0.38591,0.00301,0.00201,0.16392,0.04701,0.46606,0.02076,0.06452,6.10098
2026-09-13T13:30:51.426,1789281051.426,,6.4680,81.0,2400,93.7,0x0,0.00301,0.27820,0.20605,0.41136,0.00341,0.00242,0.17984,0.23394,0.37404,0.01034,0.06639,4.69903
2026-09-13T13:30:52.456,1789281052.456,,5.3811,81.0,2400,92.7,0x0,0.00301,0.25094,0.20283,0.38631,0.00301,0.00262,0.18024,0.20937,0.44122,0.01301,0.06683,3.62171
2026-09-13T13:30:53.492,1789281053.492,,8.4440,81.0,2400,93.4,0x0,0.00302,0.23724,0.20788,0.36240,0.00221,0.00181,0.16685,0.19799,0.23512,0.00595,0.06435,6.95920
2026-09-13T13:30:54.528,1789281054.529,,7.9079,81.5,2400,92.2,0x80000,0.00306,0.22621,0.20996,0.41019,0.00301,0.00242,0.29764,0.00000,0.25411,0.00945,0.06663,6.42517
2026-09-13T13:30:55.561,1789281055.561,,6.9209,81.0,2400,91.4,0x80000,0.00301,0.26095,0.20625,0.34367,0.00221,0.00241,0.17712,0.05802,0.18292,0.00059,0.06365,5.62012
2026-09-13T13:30:56.592,1789281056.592,,6.1955,79.8,2400,92.0,0x80008,0.00297,0.26660,0.20826,0.36348,0.00301,0.00242,0.17327,0.20571,0.09980,0.00266,0.06430,4.80297
2026-09-13T13:30:57.728,1789281057.729,,4.8255,81.0,2400,92.1,0x80000,0.00297,0.31762,0.20896,0.39509,0.00221,0.00242,0.16396,0.21257,0.48302,0.00624,0.06641,2.96399
2026-09-13T13:30:58.757,1789281058.758,,5.8417,81.5,2400,93.3,0x80000,0.00321,0.31115,0.20996,0.33867,0.00342,0.00242,0.22897,0.19899,0.09333,0.00000,0.06475,4.38681
2026-09-13T13:30:59.786,1789281059.787,,4.5403,80.4,2400,91.0,0x80000,0.00306,0.29519,0.20680,0.38866,0.00301,0.00181,0.18377,0.19180,0.11940,0.00500,0.06774,3.07408
2026-09-13T13:31:00.813,1789281060.814,,9.3026,81.0,2400,92.4,0x80000,0.00312,0.23301,0.21413,0.33788,0.00261,0.00242,0.18647,0.18804,0.23062,0.00444,0.06569,7.83416
2026-09-13T13:31:01.841,1789281061.842,,3.1478,76.5,2400,65.3,0x80000,0.00301,0.26107,0.23673,0.36173,0.00301,0.00181,0.16401,0.19859,0.30595,0.00773,0.06892,1.53519
2026-09-13T13:31:02.867,1789281062.867,,2.1377,76.0,2400,20.0,0x80000,0.00301,0.21861,0.20854,0.33146,0.00301,0.00242,0.16401,0.22053,0.09260,0.00000,0.06573,0.82775
2026-09-13T13:31:03.893,1789281063.894,,2.1017,73.8,2400,0.0,0x80000,0.00311,0.21871,0.21335,0.33512,0.00221,0.00242,0.16373,0.04349,0.08928,0.00000,0.06754,0.96277
2026-09-13T13:31:04.918,1789281064.919,,2.0992,72.7,2400,0.2,0x80000,0.00297,0.21821,0.20962,0.33948,0.00141,0.00282,0.16392,0.06524,0.07238,0.00000,0.06752,0.95567
2026-09-13T13:31:05.946,1789281065.947,,1.9627,72.2,2400,0.0,0x80000,0.00306,0.21929,0.20896,0.32971,0.00302,0.00242,0.18299,0.05071,0.09115,0.00000,0.06755,0.80387
2026-09-13T13:31:06.972,1789281066.972,,2.0713,71.0,2400,2.7,0x80000,0.00297,0.21773,0.21041,0.33626,0.00301,0.00181,0.17126,0.18433,0.08600,0.00000,0.06934,0.78819
2026-09-13T13:31:07.997,1789281067.997,,2.0949,71.6,2400,0.0,0x80000,0.00302,0.21539,0.21062,0.33512,0.00301,0.00242,0.15740,0.21303,0.08946,0.00000,0.06930,0.79615
2026-09-13T13:31:09.022,1789281069.023,,1.8942,71.0,2400,0.0,0x80000,0.00306,0.21685,0.20840,0.33867,0.00301,0.00242,0.18310,0.00000,0.08272,0.00089,0.06685,0.78819
2026-09-13T13:31:10.048,1789281070.049,,1.6282,70.0,1500,0.2,0x80000,0.00297,0.25975,0.20733,0.32038,0.00141,0.00282,0.16765,0.00722,0.08818,0.00000,0.06960,0.50086
2026-09-13T13:31:11.074,1789281071.075,,1.7549,70.0,1500,0.0,0x80000,0.00311,0.21899,0.20781,0.37290,0.00141,0.00141,0.29215,0.01087,0.08864,0.00059,0.06268,0.49436
2026-09-13T13:31:12.100,1789281072.101,,1.5573,68.8,1500,0.0,0x80000,0.00297,0.21373,0.20840,0.31811,0.00141,0.00282,0.16447,0.00000,0.08847,0.00000,0.06974,0.48716
2026-09-13T13:31:13.127,1789281073.127,,1.6184,68.3,1500,0.0,0x80000,0.00306,0.21490,0.21177,0.31811,0.00141,0.00282,0.16364,0.05424,0.09088,0.00000,0.07024,0.48733
2026-09-13T13:31:14.153,1789281074.153,,1.6144,67.8,1500,0.0,0x80000,0.00311,0.21461,0.20767,0.31590,0.00141,0.00121,0.17102,0.05436,0.08733,0.00059,0.06971,0.48751
2026-09-13T13:31:15.179,1789281075.180,,1.6181,69.4,1500,0.0,0x80000,0.00311,0.21881,0.20444,0.32161,0.00141,0.00141,0.17049,0.05050,0.08922,0.00000,0.06962,0.48751
2026-09-13T13:31:16.205,1789281076.206,,1.6269,68.8,1500,0.2,0x80000,0.00297,0.22163,0.20812,0.32292,0.00281,0.00242,0.17006,0.05074,0.08432,0.00000,0.06777,0.49311
2026-09-13T13:31:17.232,1789281077.232,,1.7836,68.8,1500,1.7,0x80000,0.00306,0.21695,0.20840,0.32292,0.00281,0.00282,0.17020,0.20942,0.08919,0.00059,0.06971,0.48751
2026-09-13T13:31:18.258,1789281078.259,,1.8084,68.3,1500,0.2,0x80000,0.00297,0.21811,0.23442,0.31941,0.00282,0.00282,0.16704,0.21681,0.08713,0.00000,0.06654,0.49031
2026-09-13T13:31:19.284,1789281079.285,,1.6527,67.8,1500,0.0,0x80000,0.00331,0.21773,0.22000,0.31811,0.00281,0.00242,0.19584,0.05420,0.08996,0.00000,0.06788,0.48048
2026-09-13T13:31:20.311,1789281080.311,,1.7475,68.3,1500,0.0,0x80000,0.00287,0.21783,0.20740,0.31958,0.00281,0.00121,0.17030,0.19209,0.08614,0.00000,0.06667,0.48066
2026-09-13T13:31:21.338,1789281081.338,,1.7406,67.8,1500,0.0,0x80000,0.00311,0.21646,0.20639,0.31985,0.00141,0.00121,0.19011,0.17684,0.08503,0.00000,0.06603,0.47415
2026-09-13T13:31:22.364,1789281082.364,,1.6210,67.2,1500,0.0,0x80000,0.00302,0.21881,0.20840,0.31976,0.00282,0.00242,0.22196,0.01812,0.09164,0.00000,0.06661,0.46747
2026-09-13T13:31:23.391,1789281083.392,,1.6137,67.8,1500,0.0,0x80000,0.00297,0.21646,0.20889,0.31766,0.00281,0.00242,0.17035,0.05786,0.08973,0.00000,0.07024,0.47432
2026-09-13T13:31:24.418,1789281084.419,,1.5895,67.8,1500,0.0,0x80000,0.00306,0.22007,0.20982,0.32292,0.00281,0.00322,0.16392,0.05789,0.06577,0.00000,0.06604,0.47398
2026-09-13T13:31:25.445,1789281085.445,,1.7540,67.2,1500,0.0,0x80000,0.00297,0.21929,0.20660,0.31637,0.00281,0.00282,0.16392,0.20560,0.09245,0.00000,0.06667,0.47449
2026-09-13T13:31:26.471,1789281086.471,,1.7623,66.7,1500,0.0,0x80000,0.00302,0.21549,0.20788,0.31941,0.00282,0.00282,0.18060,0.20581,0.09020,0.00000,0.06661,0.46764
2026-09-13T13:31:27.498,1789281087.499,,1.7252,67.8,1500,2.2,0x80000,0.00302,0.21470,0.20660,0.32134,0.00241,0.00242,0.16470,0.18442,0.08477,0.00000,0.06667,0.47415
2026-09-13T13:31:28.525,1789281088.526,,1.7524,67.8,1500,0.0,0x80000,0.00311,0.22095,0.21003,0.31985,0.00282,0.00282,0.16812,0.19473,0.09098,0.00000,0.07146,0.46747
2026-09-13T13:31:29.552,1789281089.552,,1.5442,67.2,1500,0.0,0x80000,0.00302,0.21851,0.20840,0.32134,0.00281,0.00282,0.17078,0.00721,0.07027,0.00059,0.06416,0.47432
2026-09-13T13:31:30.579,1789281090.579,,1.5553,67.2,1500,0.2,0x80000,0.00311,0.21783,0.20875,0.32117,0.00282,0.00242,0.17044,0.00000,0.08934,0.00000,0.07216,0.46731
2026-09-13T13:31:31.606,1789281091.606,,1.5602,66.7,1500,0.0,0x80000,0.00307,0.21881,0.20868,0.32117,0.00281,0.00242,0.17366,0.00725,0.08600,0.00029,0.06853,0.46747
2026-09-13T13:31:32.633,1789281092.634,,1.5935,66.7,1500,0.0,0x80000,0.00302,0.21705,0.20819,0.32134,0.00282,0.00282,0.16369,0.05059,0.08628,0.00000,0.07039,0.46731
2026-09-13T13:31:33.659,1789281093.660,,1.6031,67.2,1500,0.0,0x80000,0.00302,0.21461,0.22237,0.32466,0.00282,0.00282,0.15740,0.05063,0.08762,0.00000,0.06969,0.46747
2026-09-13T13:31:34.687,1789281094.687,,1.6578,66.1,1500,0.5,0x80000,0.00316,0.21421,0.27761,0.32117,0.00281,0.00242,0.17366,0.04712,0.08694,0.00000,0.06770,0.46096
2026-09-13T13:31:35.714,1789281095.714,,1.5979,66.1,1500,0.0,0x80000,0.00302,0.21665,0.20861,0.32503,0.00281,0.00282,0.16470,0.05049,0.08736,0.00000,0.06894,0.46747
2026-09-13T13:31:36.741,1789281096.741,,1.6339,66.7,1500,0.0,0x80000,0.00297,0.21665,0.21763,0.32292,0.00281,0.00201,0.18968,0.05071,0.09155,0.00000,0.06916,0.46781
2026-09-13T13:31:37.768,1789281097.769,,1.7168,67.2,1500,2.2,0x80000,0.00297,0.26485,0.22181,0.32485,0.00281,0.00282,0.19628,0.20560,0.07468,0.00000,0.06658,0.35356
2026-09-13T13:31:38.795,1789281098.796,,1.9297,65.0,1500,0.2,0x80000,0.00287,0.22065,0.23135,0.37598,0.00281,0.00242,0.28340,0.19137,0.09177,0.00000,0.06651,0.46063
2026-09-13T13:31:39.823,1789281099.823,,1.6168,65.5,1500,0.0,0x80000,0.00317,0.21705,0.20767,0.31976,0.00241,0.00322,0.23797,0.00361,0.09134,0.00000,0.06978,0.46080
2026-09-13T13:31:40.850,1789281100.850,,1.5984,65.0,1500,0.0,0x80000,0.00311,0.21801,0.20889,0.31941,0.00281,0.00242,0.16396,0.05427,0.08916,0.00000,0.06850,0.46781
2026-09-13T13:31:41.880,1789281101.880,,4.2127,66.1,1500,0.0,0x80000,0.00306,0.21733,0.20889,0.32310,0.00281,0.00282,0.18979,0.03985,0.09129,0.00000,0.06768,3.06612
2026-09-13T13:31:42.906,1789281102.907,,1.9430,65.5,1500,0.2,0x80000,0.00287,0.21841,0.20948,0.32327,0.00282,0.00201,0.17059,0.06143,0.08622,0.00030,0.06947,0.79615
2026-09-13T13:31:43.932,1789281103.933,,1.9702,67.2,1500,0.0,0x80000,0.00297,0.21547,0.20819,0.32836,0.00282,0.00282,0.19667,0.06143,0.08911,0.00000,0.06647,0.79591
2026-09-13T13:31:44.962,1789281104.963,,1.5907,66.1,1500,0.0,0x80000,0.00321,0.21549,0.21951,0.31401,0.00261,0.00322,0.21207,0.00362,0.08676,0.00000,0.06973,0.46046
2026-09-13T13:31:45.988,1789281105.989,,1.6102,65.5,1500,0.2,0x80000,0.00312,0.26455,0.20781,0.31766,0.00281,0.00222,0.19639,0.00000,0.08684,0.00000,0.06788,0.46096
2026-09-13T13:31:47.015,1789281107.015,,1.5406,65.0,1500,0.0,0x80000,0.00311,0.22075,0.20934,0.31925,0.00281,0.00282,0.16424,0.00000,0.09033,0.00059,0.06656,0.46080
2026-09-13T13:31:48.041,1789281108.041,,1.7219,65.0,1500,1.5,0x80000,0.00297,0.21879,0.20840,0.32151,0.00241,0.00242,0.16699,0.19464,0.08307,0.00000,0.06654,0.45412
2026-09-13T13:31:49.067,1789281109.068,,1.7463,66.1,1500,0.0,0x80000,0.00302,0.21539,0.20875,0.32099,0.00281,0.00282,0.16396,0.21544,0.08803,0.00000,0.07029,0.45477
2026-09-13T13:31:50.093,1789281110.094,,1.7464,64.5,1500,0.2,0x80000,0.00307,0.21617,0.20896,0.31942,0.00281,0.00282,0.17059,0.20974,0.08835,0.00000,0.07035,0.45412
2026-09-13T13:31:51.120,1789281111.120,,1.7500,63.9,1500,0.0,0x80000,0.00297,0.21547,0.20733,0.32099,0.00282,0.00282,0.18647,0.20571,0.08518,0.00000,0.06596,0.45428
2026-09-13T13:31:52.146,1789281112.146,,1.5785,65.0,1500,0.2,0x80000,0.00301,0.21919,0.20875,0.32274,0.00282,0.00282,0.16746,0.04688,0.08059,0.00030,0.06967,0.45428
2026-09-13T13:31:53.172,1789281113.173,,1.6616,64.5,1500,0.0,0x80000,0.00297,0.22241,0.20719,0.32274,0.00281,0.00242,0.22846,0.05411,0.08803,0.00000,0.06969,0.46080
2026-09-13T13:31:54.198,1789281114.199,,1.5545,65.5,1500,0.2,0x80000,0.00297,0.21705,0.20691,0.31750,0.00282,0.00242,0.19279,0.00000,0.08829,0.00000,0.06962,0.45412
2026-09-13T13:31:55.225,1789281115.225,,1.7793,65.0,1500,0.0,0x80000,0.00302,0.21773,0.21900,0.31576,0.00322,0.00282,0.21856,0.18081,0.09414,0.00000,0.06969,0.45461
2026-09-13T13:31:56.251,1789281116.251,,1.7562,65.0,1500,0.2,0x80000,0.00302,0.22200,0.20733,0.31925,0.00281,0.00282,0.19628,0.19527,0.08495,0.00000,0.06782,0.45461
2026-09-13T13:31:57.277,1789281117.277,,1.7285,65.0,1500,0.0,0x80000,0.00292,0.21703,0.20896,0.31925,0.00282,0.00282,0.16746,0.19113,0.09563,0.00000,0.06658,0.45395
2026-09-13T13:31:58.303,1789281118.304,,1.7173,64.5,1500,2.0,0x80000,0.00297,0.21695,0.20781,0.32274,0.00281,0.00282,0.17682,0.17732,0.08911,0.00000,0.07031,0.44760
2026-09-13T13:31:59.331,1789281119.331,,1.7344,65.0,1500,0.2,0x80000,0.00302,0.21489,0.20781,0.31750,0.00281,0.00282,0.16723,0.21207,0.08996,0.00000,0.06839,0.44792
2026-09-13T13:32:00.357,1789281120.357,,1.5746,63.9,1500,0.0,0x80000,0.00302,0.21803,0.20660,0.32151,0.00281,0.00282,0.17677,0.04703,0.08180,0.00000,0.06660,0.44760
2026-09-13T13:32:01.384,1789281121.385,,1.6344,64.5,1500,0.0,0x80000,0.00297,0.21625,0.20996,0.31576,0.00281,0.00282,0.17677,0.04712,0.07907,0.00000,0.06665,0.51422
2026-09-13T13:32:02.411,1789281122.412,,1.5894,64.5,1500,0.0,0x80000,0.00307,0.21695,0.20639,0.31958,0.00282,0.00282,0.17375,0.05411,0.09275,0.00000,0.06976,0.44744
2026-09-13T13:32:03.439,1789281123.439,,1.5406,65.5,1500,0.2,0x80000,0.00297,0.21773,0.20948,0.31800,0.00282,0.00282,0.17351,0.00724,0.08625,0.00000,0.07220,0.44760
